"Entreprise","Secteur","Taille","Émissions GES (tonnes CO2e)","Émissions GES (tonnes CO2e) (normalisé)","Consommation d'énergie renouvelable (%)","Consommation d'énergie renouvelable (%) (normalisé)","Déchets produits (tonnes)","Déchets produits (tonnes) (normalisé)","Déchets recyclés (%)","Déchets recyclés (%) (normalisé)","Consommation d'eau (m³)","Consommation d'eau (m³) (normalisé)","Production locale (%)","Production locale (%) (normalisé)","Nombre total de salariés","Nombre total de salariés (normalisé)","Part de CDI (%)","Part de CDI (%) (normalisé)","Part de femmes (%)","Part de femmes (%) (normalisé)","Satisfaction employés (%)","Satisfaction employés (%) (normalisé)","Femmes dans postes de direction (%)","Femmes dans postes de direction (%) (normalisé)","Salariés formés (%)","Salariés formés (%) (normalisé)","Index Egapro (0-100)","Index Egapro (0-100) (normalisé)","Embauches annuelles","Embauches annuelles (normalisé)","Licenciements annuels","Licenciements annuels (normalisé)","Taux d'absentéisme (%)","Taux d'absentéisme (%) (normalisé)","Réunions partenaires sociaux","Réunions partenaires sociaux (normalisé)","Jours télétravaillés/salarié","Jours télétravaillés/salarié (normalisé)","Ancienneté >5 ans (%)","Ancienneté >5 ans (%) (normalisé)","Écart salaires dirigeants/employés (ratio)","Écart salaires dirigeants/employés (ratio) (normalisé)","Comité éthique (1=oui, 0=non)","Comité éthique (1=oui, 0=non) (normalisé)","Fournisseurs audités RSE (%)","Fournisseurs audités RSE (%) (normalisé)","Formations anti-corruption","Formations anti-corruption (normalisé)","Niveaux hiérarchiques","Niveaux hiérarchiques (normalisé)","Budget RSE (€)","Budget RSE (€) (normalisé)","Taille équipe RSE","Taille équipe RSE (normalisé)","Score Environnement","Score Social","Score Gouvernance","Score CSR Global"
"NexusSolutions","Pharmaceutique","Moyenne","1062","90.2","53.2","64.7","141","93.4","24.4","15.6","737","86.9","33.9","18","480","9.5","84.5","77","44.9","37.4","76.2","58.5","16.1","11.5","46.5","25.6","95.5","88.7","90","7.6","71","88.9","2.5","83.3","19","100","75","74.7","17.8","13","75.9","52.8","1","100","11.3","1.6","21","87.5","7","28.6","276100","3.2","5","5","61.5","52","39.8","51"
"EuroFrance","Transport","Grande","9606","2.9","11.3","8","1854","6.4","33.7","26.9","237","97.2","60.6","54","3007","60.7","72.7","50.3","51.1","53","80.6","68.4","46.8","73.5","83.3","82.6","83.9","59.6","165","13.9","252","60.7","9.8","2.2","3","5.9","91","90.9","25.4","25.7","102.7","33.3","1","100","68.3","73.1","17","70.8","8","14.3","1320900","15.4","40","48.8","32.6","49.8","50.8","44.5"
"BlueSystèmes","Transport","Grande","7856","20.7","17.1","15.8","1258","36.6","25","16.3","619","89.3","85.5","87.5","528","10.5","74.4","54.2","34.5","11.3","58.5","18.8","21.8","23","87.2","88.7","80.1","50.1","59","4.9","72","88.8","5","55.6","12","58.8","76","75.8","31.3","35.5","115.2","24.3","0","0","35.9","32.5","2","8.3","5","57.1","712400","8.3","5","5","44.4","44.3","19.4","35.9"
"InnoSolutions","Construction","Grande","6789","31.6","72.4","90.7","1740","12.1","17.5","7.3","646","88.8","74.9","73.2","1406","28.3","73.1","51.2","30.1","0.3","77.9","62.3","28.6","36.8","64.2","53","65.6","13.8","225","19","46","92.8","2.4","84.4","7","29.4","60","59.6","50.4","67.3","115.5","24","0","0","63.2","66.7","6","25","7","28.6","1090400","12.7","24","28.8","50.6","46","26.5","40.9"
"QuantumConsulting","Distribution","Petite","162","99.4","50.5","61","39","98.6","20.3","10.7","482","92.2","80.5","80.8","42","0.6","76.5","58.9","55.5","64.1","64.6","32.5","13.1","5.5","45.9","24.7","64.6","11.3","7","0.5","4","99.4","2.6","82.2","9","41.2","65","64.6","13.8","6.3","90.9","41.9","1","100","54.5","55.8","10","41.7","7","28.6","12700","0.1","1","0","73.8","37.8","38.3","49.8"
"TechGlobal","Agroalimentaire","Petite","162","99.4","5.7","0.4","91","95.9","49.2","45.6","3814","23.2","69.4","65.8","15","0.1","51.3","2","50.6","51.8","87.5","83.9","50.1","80.2","37.3","11.3","66.2","15.3","2","0.1","2","99.7","1.9","90","5","17.6","89","88.9","22.6","21","136.6","8.7","1","100","37.4","34.3","17","70.8","9","0","6700","0","1","0","55","43.2","30.5","42.8"
"PurGroup","Agroalimentaire","Grande","2465","75.9","12.6","9.7","1084","45.5","27.5","19.4","4705","4.7","71.9","69.2","4499","91","67.8","39.3","53.7","59.5","78.3","63.2","48.3","76.6","35.7","8.8","66.9","17","853","72.4","642","0","8.2","20","19","100","58","57.6","58.5","80.8","124.4","17.6","1","100","20.8","13.5","11","45.8","5","57.1","907300","10.6","81","100","37.4","52.8","49.2","46.5"
"EuroSA","Agroalimentaire","Moyenne","1799","82.7","54.8","66.8","104","95.3","41","35.7","4665","5.5","83.7","85.1","157","3","77.3","60.7","61.7","79.6","58.9","19.7","46.7","73.3","76.7","72.4","85.5","63.7","8","0.6","9","98.6","2.1","87.8","12","58.8","63","62.6","18.8","14.7","116","23.7","0","0","17.6","9.5","5","20.8","9","0","286700","3.3","1","0","61.8","53.5","8.2","40.8"
"GreenSystèmes","Construction","Petite","340","97.6","5.4","0","91","95.9","52.8","50","506","91.7","38.7","24.5","96","1.7","76.9","59.8","55.9","65.1","52.9","6.3","25","29.5","57.3","42.3","89.6","73.9","7","0.5","11","98.3","2.1","87.8","6","23.5","16","15.2","30.6","34.3","17.8","95","1","100","76.5","83.3","4","16.7","4","71.4","23500","0.2","1","0","60","41.4","52.4","51.3"
"MetaHolding","Santé","Moyenne","1562","85.1","17.1","15.8","137","93.6","68.7","69.2","202","98","56.7","48.7","125","2.3","85.7","79.7","37","17.6","51.9","4","18.7","16.8","88.8","91.2","81.2","52.9","28","2.3","11","98.3","8.7","14.4","16","82.4","47","46.5","61.9","86.5","11","99.9","0","0","83.5","92.1","0","0","5","57.1","72100","0.8","2","1.2","68.4","45.8","35.9","49.9"
"EuroConsulting","Textile","Petite","108","99.9","46.2","55.2","39","98.6","13.3","2.2","4932","0","36.6","21.7","55","0.9","79.5","65.7","44.4","36.2","66.7","37.2","41.9","63.6","78.1","74.6","93.2","83","10","0.8","1","99.8","4.1","65.6","19","100","72","71.7","19.3","15.5","39.7","79.1","0","0","62","65.2","11","45.8","6","42.9","52200","0.6","1","0","46.3","55","33.4","44.8"
"GreenInvest","Agroalimentaire","Petite","488","96.1","56.9","69.7","96","95.7","77.9","80.4","4275","13.6","94.1","99.1","38","0.5","94.6","99.8","66.2","91","62","26.7","34.8","49.3","42.4","19.2","99.7","99.2","3","0.2","4","99.4","1.3","96.7","3","5.9","27","26.3","15","8.3","102.9","33.2","1","100","18.3","10.4","10","41.7","7","28.6","32000","0.3","1","0","75.8","47.9","30.6","51.2"
"CyberTech","Pharmaceutique","Moyenne","1749","83.2","53.9","65.6","480","76.2","63.4","62.8","212","97.8","90.8","94.6","103","1.9","62.8","28","60.8","77.4","79.1","65","18.9","17.2","69.9","61.9","92.8","82","22","1.8","11","98.3","1.5","94.4","12","58.8","20","19.2","39.1","48.5","67.6","58.8","1","100","42.2","40.4","3","12.5","9","0","189600","2.2","1","0","80","50.3","30.6","53.4"
"BlueServices","Automobile","Moyenne","819","92.7","21.8","22.2","329","83.8","16.9","6.5","929","82.9","23","3.4","198","3.8","66.2","35.7","52.3","56","72.5","50.2","44.3","68.5","58.3","43.9","87.8","69.4","19","1.5","28","95.6","2.3","85.6","14","70.6","31","30.3","28.1","30.2","66.3","59.8","0","0","68.3","73.1","17","70.8","5","57.1","54000","0.6","1","0","48.6","49.3","37.3","45"
"AgroFrance","Pharmaceutique","Moyenne","773","93.2","58.4","71.7","353","82.6","84.3","88.1","883","83.9","72.9","70.5","496","9.8","67.3","38.1","40.2","25.6","62","26.7","59.6","99.4","67.5","58.1","81.3","53.1","72","6","39","93.9","2.9","78.9","5","17.6","24","23.2","43.8","56.3","133.8","10.7","0","0","72.4","78.2","3","12.5","8","14.3","556500","6.5","9","10","81.7","45.1","18.9","48.3"
"EuroPartners","Chimie","Petite","173","99.3","22.8","23.5","50","98","88.3","93","567","90.4","89.4","92.7","48","0.8","71","46.5","42.1","30.4","56.7","14.8","47.4","74.7","78","74.4","78","44.9","4","0.3","2","99.7","7","33.3","8","35.3","21","20.2","58.2","80.3","135.4","9.6","0","0","19.5","11.9","16","66.7","8","14.3","68400","0.7","1","0","82.8","42.7","14.7","46.4"
"PurMonde","Finance","Moyenne","956","91.3","29.4","32.5","217","89.5","15.2","4.5","632","89.1","33.5","17.5","370","7.3","87.6","84","59.3","73.6","55.7","12.6","47","73.9","82.4","81.2","63.4","8.3","71","6","6","99.1","2.4","84.4","12","58.8","42","41.4","18.2","13.7","137.3","8.2","1","100","10","0","1","4.2","7","28.6","694500","8.1","7","7.5","54.1","49.6","22.4","41.8"
"RedIndustries","Construction","Moyenne","1287","87.9","61","75.2","231","88.8","33.5","26.6","459","92.6","62.6","56.7","474","9.4","60.6","23","64","85.4","88.9","87","57.5","95.2","84.8","85","76","39.8","87","7.3","32","95","2.1","87.8","5","17.6","91","90.9","44.8","58","53.9","68.8","1","100","67","71.4","23","95.8","6","42.9","624100","7.3","9","10","71.3","60.1","56.6","62.6"
"GreenMonde","Énergie","Moyenne","1148","89.3","53.7","65.4","369","81.8","78.5","81.1","149","99.1","88.7","91.8","384","7.6","84.9","77.9","56.9","67.6","61","24.4","20.1","19.6","46.5","25.6","96.4","91","35","2.9","20","96.9","7.9","23.3","16","82.4","51","50.5","40.3","50.5","106.7","30.4","0","0","38.5","35.7","21","87.5","3","85.7","632400","7.4","3","2.5","84.8","47.7","35.6","55.8"
"EcoSA","Industrie","Moyenne","937","91.5","68.7","85.7","401","80.2","73.6","75.2","402","93.8","22.5","2.7","256","5","68.2","40.2","62.4","81.4","79.3","65.5","38.3","56.4","32","3.1","92.3","80.7","57","4.8","30","95.3","7","33.3","2","0","19","18.2","18.6","14.3","48","73.1","0","0","30.4","25.6","1","4.2","9","0","89800","1","3","2.5","71.5","38.3","15.2","41.4"
"SoliSolutions","Textile","Moyenne","1418","86.6","54.3","66.2","417","79.4","25.7","17.2","4113","17","72.3","69.7","174","3.3","77.1","60.3","60.7","77.1","86.5","81.6","59","98.2","78.1","74.6","68.6","21.3","23","1.9","10","98.4","4.9","56.7","4","11.8","8","7.1","47.4","62.3","36.7","81.3","1","100","11","1.3","11","45.8","6","42.9","155700","1.8","1","0","56","50.4","39","48.4"
"DigiExpert","Construction","Moyenne","709","93.8","47.6","57.1","416","79.4","27.8","19.7","104","100","42.3","29.3","471","9.3","78.5","63.4","36","15.1","77.6","61.7","18.3","16","36.9","10.7","78.7","46.6","51","4.3","67","89.6","5.9","45.6","15","76.5","70","69.7","26.4","27.3","35.8","81.9","1","100","53.2","54.1","5","20.8","2","100","411200","4.8","5","5","63.2","41.2","52.4","52.3"
"BioFrance","Construction","Moyenne","938","91.5","12","8.9","136","93.6","41.5","36.3","400","93.9","89.3","92.6","387","7.6","66.8","37","47","42.7","88.7","86.5","45","69.9","50.5","31.8","92.7","81.7","31","2.6","56","91.3","3.8","68.9","7","29.4","38","37.4","39.3","48.8","57.9","65.9","1","100","78.1","85.3","9","37.5","2","100","694800","8.1","2","1.2","69.5","48.9","56.9","58.4"
"GlobServices","Transport","Petite","247","98.5","32.6","36.8","54","97.8","51.2","48.1","458","92.7","92.8","97.3","11","0","73.1","51.2","36.1","15.3","67.7","39.5","39.3","58.4","30.2","0.3","62.7","6.5","1","0","1","99.8","5.3","52.2","19","100","82","81.8","14.9","8.2","70.2","56.9","0","0","86.6","96","24","100","2","100","5200","0","1","0","78.5","39.5","50.4","56.1"
"CyberSolutions","Distribution","Moyenne","1184","88.9","24.9","26.4","123","94.3","62.6","61.9","584","90.1","90.8","94.6","274","5.3","68.6","41.1","39.4","23.6","93","96.2","39.3","58.4","74.3","68.7","75.5","38.6","15","1.2","38","94.1","5.6","48.9","2","0","66","65.7","37.6","46","126.3","16.2","0","0","55.3","56.8","22","91.7","7","28.6","129700","1.5","3","2.5","76","45.2","28.2","49.6"
"SoliSA","Énergie","Petite","414","96.8","23.3","24.2","59","97.6","41.4","36.2","928","82.9","55.6","47.2","87","1.5","53.1","6.1","64.8","87.4","56","13.2","44.9","69.7","40.9","16.9","94.1","85.2","14","1.1","10","98.4","4.5","61.1","7","29.4","80","79.8","28.4","30.7","26.8","88.5","1","100","51.2","51.6","24","100","8","14.3","68900","0.7","1","0","64.2","44.7","50.7","53.2"
"CyberEurope","Médias","Grande","3597","64.3","78","98.2","1162","41.5","49.3","45.8","412","93.6","84.7","86.4","3655","73.9","69.7","43.6","48.9","47.5","54.6","10.1","56.5","93.1","72.6","66","76.2","40.4","798","67.8","316","50.8","9.2","8.9","7","29.4","27","26.3","59.3","82.2","112.9","25.9","1","100","16.8","8.5","20","83.3","4","71.4","1089300","12.7","72","88.8","71.6","49.2","55.8","58.8"
"NexusHolding","Pharmaceutique","Grande","6114","38.6","34.5","39.4","1832","7.5","73.5","75.1","412","93.6","83.3","84.5","3593","72.6","54.4","9","51.4","53.8","79.6","66.1","49.1","78.2","94.5","100","63.1","7.5","574","48.7","127","80.2","1.1","98.9","17","88.2","69","68.7","13.4","5.7","84.4","46.6","0","0","53.9","55","22","91.7","9","0","1898600","22.2","62","76.2","56.4","59.8","41.7","52.5"
"DigiGlobal","Santé","Petite","337","97.6","71.9","90","42","98.4","13.1","1.9","764","86.3","43.9","31.5","84","1.5","68.2","40.2","37.1","17.8","92.4","94.8","12.8","4.8","34.7","7.3","81.7","54.1","8","0.6","6","99.1","8","22.2","6","23.5","26","25.3","35.1","41.8","50.3","71.4","1","100","40.4","38.1","15","62.5","8","14.3","162700","1.8","1","0","67.6","33.3","41.2","47.3"
"GreenSA","Construction","Moyenne","570","95.2","52.3","63.5","147","93.1","31.5","24.2","507","91.7","82.2","83","126","2.3","76.7","59.4","42.5","31.4","86.4","81.4","52.6","85.3","35","7.8","94.5","86.2","7","0.5","11","98.3","2.1","87.8","18","94.1","94","93.9","37.5","45.8","79","50.5","0","0","58.6","60.9","13","54.2","4","71.4","122300","1.4","2","1.2","75.1","59.6","34.2","56.1"
"GlobSystèmes","Industrie","Petite","343","97.5","64.6","80.1","23","99.4","70.6","71.5","302","95.9","22.8","3.1","76","1.3","76.1","58","39.2","23.1","53.4","7.4","21.3","22","52.1","34.3","83.6","58.9","7","0.5","10","98.4","8.2","20","11","52.9","64","63.6","53.5","72.5","52","70.2","1","100","41.1","39","6","25","4","71.4","101700","1.1","1","0","74.6","39.5","43.8","52.5"
"PrimeSA","Santé","Grande","3364","66.7","42.7","50.5","1642","17.1","86.1","90.3","507","91.7","64.7","59.5","3396","68.6","79.8","66.4","38.2","20.6","62.6","28","28.8","37.2","86.3","87.3","69.1","22.6","452","38.4","263","59","6.5","38.9","19","100","32","31.3","44.5","57.5","93.5","40","1","100","29.2","24.1","18","75","8","14.3","5117800","60","34","41.2","62.6","50.4","50.7","54.5"
"BlueSolutions","Pharmaceutique","Petite","126","99.8","48.3","58.1","66","97.2","53.5","50.8","227","97.5","37.3","22.6","65","1.1","54.3","8.8","55.5","64.1","91.9","93.7","33.1","45.9","44","21.7","75.4","38.3","13","1","9","98.6","8.6","15.6","8","35.3","27","26.3","50","66.7","70.7","56.6","0","0","17.6","9.5","22","91.7","9","0","55900","0.6","1","0","71","39.8","22.6","44.2"
"SoliFrance","Santé","Grande","9591","3","41.9","49.4","652","67.4","55.2","52.9","259","96.8","29","11.4","1488","29.9","79.3","65.2","40.3","25.9","61.4","25.3","34","47.7","53.4","36.3","78","44.9","130","11","155","75.9","1.9","90","4","11.8","19","18.2","56.6","77.7","33","84","1","100","35.2","31.6","16","66.7","7","28.6","691900","8.1","30","36.2","46.8","43.1","50.7","46.9"
"VitalInvest","Finance","Petite","486","96.1","19.6","19.2","18","99.6","19.1","9.2","549","90.8","25.8","7.1","30","0.4","64","30.7","55.3","63.6","85.2","78.7","31.8","43.2","34.5","7","83.2","57.9","6","0.4","1","99.8","6","44.4","14","70.6","69","68.7","61.7","86.2","26.3","88.8","1","100","17.7","9.6","8","33.3","6","42.9","17200","0.1","1","0","53.7","50.1","39.2","47.6"
"DigiPartners","Technologie","Petite","423","96.7","59.2","72.8","73","96.8","48","44.2","477","92.3","72.2","69.6","56","0.9","68","39.7","32.3","5.8","87.1","83","56.9","93.9","79.6","76.9","90.4","75.9","13","1","8","98.8","5.5","50","16","82.4","22","21.2","28.8","31.3","86.5","45.1","1","100","24.2","17.8","12","50","4","71.4","42800","0.4","1","0","78.7","50.8","40.7","56.6"
"GreenFrance","Technologie","Petite","222","98.8","26.1","28","17","99.7","55.3","53","923","83","45.5","33.6","89","1.6","88.6","86.2","35.7","14.3","72.3","49.8","45.3","70.5","56.5","41.1","64","9.8","13","1","7","98.9","7.4","28.9","4","11.8","60","59.6","42.3","53.8","136.3","8.9","1","100","89","99","21","87.5","3","85.7","119700","1.3","2","1.2","66","40.6","54.8","53.8"
"QuantumInvest","Santé","Petite","139","99.6","6.8","1.9","84","96.3","30.6","23.1","426","93.3","74.4","72.5","68","1.2","50.4","0","41","27.6","67.4","38.8","41.6","63","79.4","76.6","95.6","89","15","1.2","4","99.4","5.8","46.7","5","17.6","26","25.3","60.4","84","58.2","65.6","0","0","45.5","44.5","4","16.7","8","14.3","62300","0.7","1","0","64.4","43.9","20.3","42.6"
"TechHolding","Agroalimentaire","Petite","374","97.2","53.4","65","74","96.8","32.9","25.9","3113","37.7","24.9","5.9","93","1.7","76.5","58.9","53.9","60.1","70.3","45.3","12.5","4.2","88.7","91","60.5","1","15","1.2","10","98.4","5.9","45.6","6","23.5","66","65.7","69.4","99","112.6","26.1","1","100","52.5","53.3","22","91.7","8","14.3","19700","0.2","1","0","54.7","45.8","40.8","47"
"NexusPartners","Transport","Grande","5521","44.6","18.3","17.5","622","69","42.1","37","669","88.3","43.6","31.1","2182","44","76.9","59.8","57","67.8","60.2","22.6","55.2","90.5","45.1","23.4","74.8","36.8","387","32.8","55","91.4","4.9","56.7","2","0","81","80.8","63.4","89","102.2","33.7","0","0","79.9","87.6","4","16.7","2","100","2492100","29.2","20","23.8","47.9","53.5","41.6","47.6"
"CyberSystèmes","Médias","Petite","149","99.5","75.5","94.9","18","99.6","11.7","0.2","112","99.8","60.5","53.8","66","1.1","67.8","39.3","47.7","44.5","90","89.5","55.5","91.1","82.5","81.4","61.1","2.5","10","0.8","7","98.9","3.8","68.9","5","17.6","78","77.8","32.3","37.2","140.4","6","1","100","89.6","99.7","9","37.5","6","42.9","122700","1.4","1","0","74.6","50","41.1","55.1"
"SmartServices","Pharmaceutique","Petite","298","98","76.5","96.2","99","95.5","37.4","31.4","697","87.7","79.3","79.1","78","1.4","60.7","23.3","47.8","44.7","70.3","45.3","49","78","33.8","5.9","75.7","39.1","11","0.9","6","99.1","5.3","52.2","13","64.7","76","75.8","21.7","19.5","124.9","17.2","1","100","56.6","58.4","20","83.3","2","100","129600","1.5","1","0","81.3","42.3","51.5","58.3"
"NexusConsulting","Énergie","Petite","114","99.9","73.6","92.3","44","98.3","28","20","260","96.8","43.9","31.5","12","0","60.6","23","59","72.9","89.7","88.8","10.4","0","88.4","90.5","81","52.4","1","0","1","99.8","2.1","87.8","11","52.9","19","18.2","39.4","49","89.3","43.1","1","100","75","81.5","9","37.5","8","14.3","20200","0.2","1","0","73.1","48.9","39.5","53.7"
"BlueMonde","Agroalimentaire","Moyenne","1864","82","32.8","37.1","248","88","37.8","31.8","4825","2.2","66.9","62.4","356","7","89.8","88.9","30.6","1.5","54.8","10.5","12.9","5.1","72.3","65.6","80.5","51.1","39","3.2","51","92.1","9.7","3.3","14","70.6","9","8.1","54.5","74.2","102","33.8","0","0","36.2","32.8","6","25","8","14.3","580700","6.8","2","1.2","50.6","37","16.3","34.4"
"GlobMonde","Services","Grande","4070","59.4","6.2","1.1","1719","13.2","20.2","10.5","234","97.3","86.4","88.7","4463","90.2","69.9","44","43.6","34.2","94.5","99.6","21.3","22","86.8","88.1","66.6","16.3","482","40.9","371","42.2","7.4","28.9","15","76.5","70","69.7","39.6","49.3","135.8","9.3","1","100","34.5","30.7","14","58.3","4","71.4","3493300","41","80","98.8","45","54","58.5","52.6"
"TechInternational","Automobile","Petite","365","97.3","74.6","93.6","95","95.7","85.7","89.8","473","92.4","66.2","61.5","47","0.7","64.9","32.7","62.7","82.2","69.9","44.4","16.6","12.5","30","0","85.8","64.4","8","0.6","2","99.7","9.6","4.4","6","23.5","37","36.4","39","48.3","65.9","60.1","1","100","42.2","40.4","6","25","6","42.9","74100","0.8","1","0","88.4","34.6","38.5","53.7"
"AgroMonde","Construction","Grande","4494","55.1","37.1","42.9","1979","0","60.5","59.3","177","98.5","37.5","22.9","4098","82.9","70.2","44.7","54.1","60.6","52.2","4.7","29.9","39.4","41","17.1","61.8","4.3","303","25.7","304","52.6","3","77.8","5","17.6","43","42.4","60.3","83.8","55.8","67.4","1","100","63.8","67.4","14","58.3","5","57.1","1875600","22","31","37.5","46.4","42.6","58.5","49.3"
"AlphaConseil","Transport","Petite","308","97.9","77.5","97.6","78","96.6","67.7","68","997","81.5","21.8","1.7","43","0.6","80.1","67","43.5","33.9","51.7","3.6","56.1","92.3","55.3","39.2","90.5","76.2","10","0.8","6","99.1","8.9","12.2","15","76.5","3","2","31.7","36.2","11.5","99.6","0","0","64.6","68.4","2","8.3","3","85.7","59500","0.6","1","0","73.9","41.5","37.5","50.8"
"NexusServices","Santé","Moyenne","1320","87.6","77.3","97.3","251","87.8","77.1","79.4","552","90.7","85.3","87.2","262","5.1","56.6","14","66.2","91","83.6","75.1","33.6","46.9","54.7","38.3","97.9","94.7","51","4.3","9","98.6","8.3","18.9","11","52.9","26","25.3","61.6","86","125.7","16.6","0","0","35.2","31.6","18","75","9","0","355000","4.1","4","3.8","88.3","50.1","18.7","52"
"InnoFrance","Chimie","Grande","3479","65.5","69","86.1","625","68.8","52.4","49.5","636","89","21.6","1.5","2355","47.5","70.2","44.7","60.9","77.6","79.7","66.4","10.7","0.6","44.7","22.8","73.6","33.8","307","26","94","85.4","7.1","32.2","18","94.1","3","2","34.4","40.7","122.1","19.2","1","100","20.7","13.4","9","37.5","4","71.4","579400","6.7","17","20","60.1","44.1","38.3","47.4"
"InnoSystèmes","Chimie","Moyenne","1954","81.1","27.1","29.4","411","79.7","17.4","7.1","160","98.8","85.6","87.6","380","7.5","76.5","58.9","40.6","26.6","86.1","80.7","24.1","27.7","54.8","38.4","80.7","51.6","31","2.6","4","99.4","6.6","37.8","11","52.9","88","87.9","29.7","32.8","24.6","90.1","1","100","60.6","63.4","14","58.3","8","14.3","615000","7.2","4","3.8","63.9","46.5","48.2","52.8"
"CyberConsulting","Services","Moyenne","1663","84.1","33.9","38.6","323","84.1","55.7","53.5","775","86.1","59.7","52.8","379","7.5","92.7","95.5","55.8","64.8","54.7","10.3","12.2","3.6","38.4","13","75.2","37.8","86","7.2","5","99.2","3.8","68.9","8","35.3","24","23.2","37.2","45.3","90.8","42","0","0","20.3","12.9","2","8.3","9","0","692000","8.1","5","5","66.5","39.4","10.9","38.7"
"RedGlobal","Agroalimentaire","Petite","476","96.2","68.8","85.8","48","98.1","59.9","58.6","1445","72.2","90.4","94.1","21","0.2","61.4","24.8","53.8","59.8","51.6","3.4","11.8","2.8","56.8","41.6","60.3","0.5","5","0.3","3","99.5","8.3","18.9","17","88.2","56","55.6","55.7","76.2","75","53.4","1","100","56.3","58","5","20.8","4","71.4","14300","0.1","1","0","84.2","36.3","43.4","54.5"
"PurGlobal","Services","Grande","9159","7.4","28.8","31.7","1860","6","73.4","74.9","908","83.3","79.9","79.9","2309","46.6","66.2","35.7","46","40.2","72.9","51.1","23.8","27.1","82.2","80.9","75.4","38.3","449","38.1","260","59.5","5.5","50","2","0","4","3","17.6","12.7","26.6","88.6","1","100","65.5","69.5","11","45.8","3","85.7","3838300","45","16","18.8","47.2","37.2","64.8","49.9"
"SoliExpert","Santé","Grande","6783","31.7","17.7","16.6","667","66.7","46.7","42.6","285","96.3","94.8","100","2755","55.6","67.1","37.7","44.7","36.9","67.4","38.8","23.8","27.1","61.1","48.2","91.7","79.2","287","24.3","164","74.5","1.6","93.3","18","94.1","67","66.7","21.8","19.7","147.3","0.9","1","100","66","70.2","14","58.3","8","14.3","959700","11.2","48","58.8","59","53.5","44.8","52.4"
"BlueIndustries","Finance","Grande","9375","5.2","46.8","56","1239","37.6","20.8","11.3","272","96.5","46.3","34.7","4110","83.1","77.2","60.5","43.7","34.4","70.8","46.4","49.4","78.8","31.2","1.9","83.8","59.4","536","45.5","443","31","3.8","68.9","10","47.1","32","31.3","67.1","95.2","40.1","78.8","0","0","70.3","75.6","5","20.8","3","85.7","5260600","61.7","52","63.8","40.2","52.6","55.2","49.4"
"MetaProduction","Construction","Grande","2708","73.4","75.2","94.5","517","74.3","34.1","27.4","133","99.4","77.5","76.7","2107","42.5","66.1","35.4","54.7","62.1","94.6","99.8","58.7","97.6","57.4","42.5","64.1","10","149","12.6","138","78.5","9.4","6.7","7","29.4","90","89.9","20.5","17.5","19.4","93.8","0","0","79.8","87.5","12","50","9","0","2263300","26.5","11","12.5","74.3","48","38.6","53.5"
"TechGroup","Chimie","Petite","178","99.2","57.2","70.1","52","97.9","40.9","35.6","525","91.3","50.1","39.8","69","1.2","74","53.3","47.7","44.5","93.7","97.8","28.6","36.8","31.8","2.8","93.9","84.7","6","0.4","10","98.4","8.7","14.4","14","70.6","89","88.9","44.1","56.8","93.3","40.2","1","100","50","50.1","18","75","5","57.1","81600","0.9","1","0","72.3","50","46.2","56.1"
"EcoIndustries","Technologie","Petite","118","99.8","47.8","57.4","15","99.8","64.9","64.6","608","89.6","56","47.8","55","0.9","85.2","78.6","63.3","83.7","92.4","94.8","31.4","42.4","92.8","97.4","81.2","52.9","11","0.9","8","98.8","9.8","2.2","4","11.8","33","32.3","44.8","58","113.4","25.6","0","0","68.4","73.2","2","8.3","4","71.4","102700","1.1","1","0","76.5","50.4","25.7","50.6"
"QuantumTech","Automobile","Moyenne","988","91","12.3","9.3","148","93","58.5","56.9","159","98.9","67.1","62.7","244","4.7","81.7","70.7","56.8","67.3","85.3","78.9","52.2","84.4","38.3","12.9","93.7","84.2","47","3.9","16","97.5","6.7","36.7","8","35.3","90","89.9","39.4","49","14.5","97.4","1","100","59.5","62","7","29.2","7","28.6","431500","5","3","2.5","68.6","55","46.4","56.6"
"BioSA","Pharmaceutique","Petite","255","98.4","51.1","61.8","21","99.5","40.3","34.9","798","85.6","85.5","87.5","62","1","70.1","44.5","32.8","7","66","35.7","23.4","26.3","76","71.3","83.2","57.9","10","0.8","8","98.8","3.2","75.6","10","47.1","100","100","48.7","64.5","102.2","33.7","1","100","24.9","18.7","7","29.2","4","71.4","100000","1.1","1","0","77.9","48.5","36.3","54.1"
"SoliConseil","Médias","Grande","4171","58.4","79.3","100","1474","25.7","93.9","99.8","508","91.6","93.8","98.7","1019","20.4","88.9","86.9","55.6","64.3","68.5","41.3","17.8","14.9","93.2","98","82.4","55.9","233","19.7","120","81.3","2.5","83.3","6","23.5","83","82.8","23.8","23","84.5","46.6","1","100","12.1","2.6","22","91.7","2","100","705800","8.2","19","22.5","79","53.5","53.1","61.8"
"BioServices","Pharmaceutique","Petite","431","96.6","15.5","13.7","77","96.6","61.5","60.5","572","90.3","77.6","76.9","88","1.6","75.1","55.8","40.8","27.1","74.7","55.2","52.7","85.5","83.7","83.3","64.2","10.3","15","1.2","5","99.2","2.7","81.1","11","52.9","84","83.8","43.2","55.3","24.5","90.1","1","100","32.8","28.6","19","79.2","6","42.9","162000","1.8","2","1.2","72.4","53.3","49.1","58.2"
"MetaFrance","Automobile","Moyenne","1035","90.5","43.9","52.1","333","83.6","30.2","22.6","497","91.9","51.3","41.5","126","2.3","74.3","54","53.7","59.5","87.4","83.6","12.3","3.8","75.5","70.5","66.7","16.5","18","1.4","5","99.2","1.2","97.8","18","94.1","25","24.2","32.3","37.2","34.2","83.1","1","100","45.4","44.4","14","58.3","6","42.9","47300","0.5","2","1.2","63.7","49.5","47.2","53.4"
"CyberCorp","Énergie","Grande","4247","57.6","70.8","88.5","1943","1.8","18.7","8.7","461","92.6","51.6","41.9","4133","83.6","51.5","2.5","57.2","68.3","53.1","6.7","41","61.8","84.6","84.7","98.9","97.2","488","41.4","306","52.3","4.5","61.1","13","64.7","58","57.6","49.7","66.2","89.5","42.9","0","0","59.4","61.9","3","12.5","2","100","7174900","84.2","48","58.8","48.5","57.5","51.5","52.5"
"QuantumSolutions","Pharmaceutique","Grande","6342","36.2","60.6","74.7","1062","46.6","23","13.9","604","89.6","75.3","73.8","4944","100","94.4","99.3","39.2","23.1","69.1","42.6","38.1","56","93.8","98.9","69.1","22.6","1177","100","590","8.1","2.7","81.1","17","88.2","7","6.1","18.5","14.2","51.5","70.5","1","100","78","85.2","18","75","8","14.3","3909200","45.8","69","85","55.8","56.9","68","60.3"
"RedInvest","Services","Moyenne","711","93.8","57.3","70.2","214","89.7","30.9","23.5","240","97.2","37.9","23.4","280","5.5","55.5","11.5","48.3","46","53.7","8.1","27.3","34.1","70.4","62.6","99.1","97.7","19","1.5","40","93.8","4.7","58.9","4","11.8","9","8.1","44.3","57.2","141.4","5.2","1","100","25.7","19.7","20","83.3","6","42.9","83100","0.9","4","3.8","66.3","38.2","36.5","46.9"
"NatSolutions","Santé","Moyenne","1703","83.6","57.7","70.8","447","77.8","23.7","14.8","264","96.7","28.3","10.5","123","2.3","60.4","22.6","37.6","19.1","73.2","51.8","25.8","31.1","66.3","56.3","81.3","53.1","29","2.4","14","97.8","9.4","6.7","10","47.1","100","100","21.1","18.5","124.6","17.4","1","100","20","12.5","2","8.3","3","85.7","172800","2","1","0","59","39.1","32.3","43.4"
"PrimeTech","Finance","Grande","2596","74.5","32","36","835","58.1","25.9","17.4","876","84","46.6","35.1","4399","89","52.3","4.3","32.1","5.3","90.5","90.6","48.6","77.2","70.8","63.3","65.4","13.3","947","80.4","571","11.1","4.9","56.7","16","82.4","33","32.3","26.7","27.8","147.7","0.7","0","0","87.1","96.6","12","50","9","0","2711100","31.8","52","63.8","50.8","48.7","34.7","44.6"
"MetaPartners","Pharmaceutique","Petite","495","96","27","29.2","97","95.6","34.2","27.5","952","82.4","41.5","28.3","12","0","78.8","64.1","45.1","37.9","85.2","78.7","14.3","7.9","64.6","53.6","64","9.8","1","0","1","99.8","8.9","12.2","6","23.5","75","74.7","23.1","21.8","46.4","74.2","0","0","18.6","10.8","7","29.2","9","0","7700","0","1","0","59.8","37.2","16.3","37.6"
"MetaSolutions","Chimie","Petite","409","96.9","65.7","81.6","11","100","24.7","16","436","93.1","42.2","29.2","29","0.4","60.1","21.9","44.5","36.4","60.3","22.9","21.8","23","71.3","64","68.4","20.8","5","0.3","4","99.4","6.4","40","14","70.6","81","80.8","21","18.3","145.8","2","0","0","48.3","48","22","91.7","6","42.9","21800","0.2","1","0","69.5","38.4","26.4","44.6"
"NexusEurope","Textile","Grande","3590","64.4","65.8","81.7","1955","1.2","86.2","90.4","1718","66.6","37.5","22.9","1026","20.6","58.1","17.4","69.8","100","93.9","98.2","46.6","73.1","59.2","45.3","97","92.5","229","19.4","123","80.8","3.2","75.6","15","76.5","86","85.9","59.5","82.5","70.4","56.8","1","100","56.8","58.6","15","62.5","6","42.9","322800","3.7","11","12.5","54.5","66.8","48.1","56.4"
"NexusTravaux","Agroalimentaire","Grande","2044","80.2","70","87.4","565","71.8","16.8","6.4","3398","31.8","23.2","3.6","3724","75.3","54","8.1","47.9","45","80","67","37.4","54.5","44.2","22","76.6","41.4","612","52","234","63.6","4.2","64.4","16","82.4","100","100","27.1","28.5","58.7","65.3","1","100","53.3","54.3","12","50","2","100","1932100","22.6","56","68.8","46.9","54.2","65.9","55.8"
"BioInternational","Technologie","Grande","8524","13.9","73.5","92.2","1837","7.2","54.6","52.2","468","92.5","21.3","1.1","2753","55.6","54.6","9.5","43.3","33.4","50.5","0.9","16.4","12.1","37.8","12.1","75.8","39.3","637","54.1","240","62.6","1.8","91.1","17","88.2","24","23.2","65.6","92.7","17","95.6","1","100","16.9","8.6","2","8.3","8","14.3","576100","6.7","19","22.5","43.2","44.2","36.6","41.3"
"InnoExpert","Textile","Petite","383","97.1","43.4","51.4","57","97.7","44.9","40.4","614","89.4","94.1","99.1","80","1.4","76.3","58.5","53.2","58.3","61.5","25.6","54.1","88.3","34.4","6.8","72.5","31.1","19","1.5","10","98.4","4","66.7","14","70.6","4","3","68.2","97","17.4","95.3","0","0","14.6","5.8","15","62.5","5","57.1","80100","0.9","1","0","79.2","46.7","31.7","52.3"
"SmartConsulting","Santé","Petite","392","97","42.6","50.3","99","95.5","93.5","99.3","241","97.2","52.1","42.5","26","0.3","81","69.1","33.6","9","61.7","26","29.7","39","47.1","26.5","65.9","14.5","3","0.2","0","100","7.1","32.2","18","94.1","41","40.4","44.3","57.2","106.9","30.3","0","0","18.4","10.5","8","33.3","6","42.9","9100","0","1","0","80.3","39.1","16.7","45.1"
"MetaCorp","Automobile","Grande","8170","17.5","64.9","80.5","611","69.5","19.5","9.7","744","86.7","48.8","38.1","4465","90.3","67.9","39.5","68.5","96.7","53.1","6.7","51.4","82.8","33","4.7","79.5","48.6","560","47.5","550","14.3","1.6","93.3","9","41.2","13","12.1","18.6","14.3","74.1","54.1","1","100","56.8","58.6","13","54.2","7","28.6","6379500","74.8","37","45","50.3","45.5","59.3","51.8"
"BioMonde","Médias","Moyenne","611","94.8","53.7","65.4","322","84.2","43.8","39.1","693","87.8","71","68","335","6.6","71.6","47.9","55.4","63.8","93.2","96.6","49.4","78.8","66.9","57.2","65.2","12.8","79","6.6","12","98.1","2.8","80","3","5.9","2","1","32.5","37.5","41.7","77.6","1","100","53.5","54.5","12","50","6","42.9","209100","2.4","3","2.5","73.2","45.6","47.1","55.2"
"AlphaCorp","Énergie","Grande","4868","51.3","57.6","70.6","1954","1.3","92.4","97.9","124","99.6","36.4","21.4","2375","47.9","80.9","68.8","60.2","75.9","71.5","48","41.2","62.2","48.4","28.5","93.4","83.5","439","37.2","195","69.6","4.4","62.2","6","23.5","36","35.4","57.9","79.8","96","38.2","0","0","28.7","23.4","20","83.3","5","57.1","4508800","52.9","46","56.2","57","55.6","44.4","52.3"
"EcoExpert","Agroalimentaire","Grande","2927","71.1","64.7","80.2","1285","35.3","83.6","87.3","1499","71.1","91.2","95.2","2263","45.7","50.8","0.9","36.8","17.1","90.3","90.1","34.7","49.1","83.6","83.1","74.8","36.8","166","14","279","56.5","9.8","2.2","7","29.4","78","77.8","32","36.7","45.4","74.9","1","100","61","63.9","24","100","2","100","4001600","46.9","18","21.2","73.4","41.5","72.4","62.5"
"PrimeSystèmes","Finance","Petite","445","96.5","71.8","89.9","67","97.2","79.5","82.3","308","95.8","79","78.7","18","0.1","64.5","31.8","46.4","41.2","64.5","32.3","59","98.2","34.8","7.4","75","37.3","1","0","1","99.8","8.1","21.1","13","64.7","57","56.6","15.2","8.7","90.9","41.9","0","0","75.6","82.2","6","25","5","57.1","13000","0.1","1","0","90.1","38.4","29.5","52.4"
"AgroSA","Pharmaceutique","Grande","6986","29.6","30.3","33.7","1544","22.1","31.9","24.7","705","87.6","26.7","8.3","1516","30.5","93.8","98","46.9","42.5","55.6","12.3","17.2","13.7","44.7","22.8","79","47.4","247","20.9","67","89.6","7.6","26.7","19","100","31","30.3","43.4","55.7","60.3","64.1","1","100","13.3","4.1","14","58.3","2","100","2440400","28.6","30","36.2","34.3","45.4","55.9","45.3"
"TechProduction","Agroalimentaire","Petite","232","98.7","33.2","37.6","51","98","24.5","15.7","589","90","51.3","41.5","69","1.2","76.1","58","62.9","82.7","71.3","47.5","46.3","72.5","77.5","73.6","77.8","44.4","16","1.3","5","99.2","2","88.9","2","0","65","64.6","60.7","84.5","125.3","16.9","1","100","49.9","50","6","25","3","85.7","113600","1.3","1","0","63.6","55.3","39.8","52.8"
"TechConsulting","Construction","Moyenne","595","95","12","8.9","351","82.7","66.8","66.9","194","98.1","85.9","88","418","8.3","61.4","24.8","30","0","55.1","11.2","19.6","18.6","68.9","60.3","99.8","99.5","91","7.7","57","91.1","8","22.2","18","94.1","23","22.2","57.8","79.7","124.9","17.2","0","0","65.1","69","5","20.8","2","100","825900","9.6","6","6.2","73.3","41.5","31.8","48.7"
"InnoIndustries","Textile","Grande","4488","55.2","48.4","58.2","1376","30.6","89","93.8","4100","17.2","90.9","94.8","616","12.3","73.5","52.1","42","30.2","71.9","48.9","26.9","33.3","34.2","6.5","81.8","54.4","114","9.6","6","99.1","8.1","21.1","12","58.8","1","0","20.5","17.5","76.8","52.1","0","0","30.2","25.3","1","4.2","3","85.7","786100","9.2","11","12.5","58.3","34.1","27","39.7"
"QuantumProduction","Textile","Moyenne","988","91","7.7","3.1","460","77.2","57.3","55.4","1303","75.2","55.1","46.6","485","9.6","65.4","33.9","69.2","98.5","91.4","92.6","25.4","30.3","87","88.4","63.5","8.5","38","3.1","66","89.7","6.4","40","11","52.9","76","75.8","50.4","67.3","59.1","65","1","100","34.6","30.8","8","33.3","3","85.7","168600","1.9","3","2.5","58.1","53.1","45.6","52.2"
"CyberPartners","Transport","Grande","7837","20.9","39.9","46.7","568","71.7","58.6","57","687","87.9","66","61.2","1083","21.7","74","53.3","49","47.7","73.4","52.2","57.4","94.9","87","88.4","84.3","60.7","109","9.2","34","94.7","9.9","1.1","15","76.5","62","61.6","23.2","22","60.8","63.8","0","0","59.1","61.5","21","87.5","2","100","1477500","17.3","17","20","57.6","52.6","50","53.4"
"RedTravaux","Distribution","Moyenne","1456","86.2","45.7","54.5","212","89.8","33.8","27","314","95.7","32.5","16.2","494","9.8","55.7","12","45.3","38.4","77.7","61.9","58.4","97","51.5","33.3","66.1","15","111","9.4","73","88.6","3.9","67.8","11","52.9","76","75.8","23.1","21.8","122.8","18.7","1","100","81.8","90","23","95.8","7","28.6","654500","7.6","6","6.2","61.6","44.9","49.6","52"
"BioTech","Pharmaceutique","Petite","455","96.4","26.5","28.6","96","95.7","75.4","77.4","189","98.2","94.3","99.3","73","1.3","56","12.6","34.8","12.1","57","15.5","19.2","17.8","52.1","34.3","61.2","2.8","6","0.4","10","98.4","9.5","5.6","16","82.4","4","3","62.4","87.3","55.9","67.3","1","100","74.8","81.2","16","66.7","4","71.4","98500","1.1","1","0","82.6","28.7","55.4","55.6"
"GreenConsulting","Automobile","Grande","5778","42","49.3","59.4","1835","7.3","25.9","17.4","319","95.5","37.4","22.7","4288","86.7","56.5","13.8","69","98","52","4.3","11.1","1.4","94.3","99.7","98.8","97","453","38.4","340","47","9.2","8.9","5","17.6","84","83.8","25","25","39.3","79.4","1","100","56.7","58.5","4","16.7","2","100","3228300","37.8","54","66.2","40.7","47.8","65.5","51.5"
"GreenEurope","Agroalimentaire","Grande","2957","70.8","7.3","2.6","1183","40.4","37.5","31.5","3750","24.5","90.7","94.5","3268","66","92.3","94.6","30.8","2","55","11","46","71.9","70.7","63.1","90.9","77.2","248","21","267","58.4","1.1","98.9","3","5.9","62","61.6","25.8","26.3","21.9","92","1","100","68.4","73.2","11","45.8","6","42.9","5710600","67","47","57.5","44","50.6","68.3","54.4"
"SoliInvest","Transport","Moyenne","1570","85","7.8","3.2","348","82.9","46.2","42","870","84.1","68.7","64.9","171","3.2","83","73.6","59.5","74.1","76.9","60.1","30.9","41.4","64.5","53.5","99.2","98","32","2.6","13","98","5.1","54.4","10","47.1","56","55.6","10","0","75.3","53.2","1","100","39.2","36.6","0","0","7","28.6","329500","3.8","2","1.2","60.4","50.9","31.9","47.6"
"DigiServices","Médias","Petite","404","96.9","66.7","82.9","35","98.8","53.1","50.4","847","84.6","65.6","60.7","30","0.4","57.3","15.6","60.7","77.1","54.3","9.4","14.4","8.1","84.5","84.5","79.1","47.6","7","0.5","3","99.5","9.8","2.2","11","52.9","62","61.6","62.2","87","77.5","51.6","0","0","61.3","64.3","9","37.5","7","28.6","17800","0.1","1","0","79","42","26","48.8"
"MetaServices","Chimie","Moyenne","1342","87.3","32","36","175","91.7","30.6","23.1","457","92.7","58.5","51.1","373","7.3","58.5","18.3","39.7","24.4","66.9","37.7","44.2","68.3","48.5","28.7","81.3","53.1","39","3.2","8","98.8","1.9","90","12","58.8","86","85.9","57.6","79.3","127.7","15.2","1","100","47.3","46.7","10","41.7","6","42.9","133800","1.5","6","6.2","63.6","50.3","36.3","49.9"
"EcoSystèmes","Automobile","Moyenne","1656","84.1","14.5","12.3","285","86.1","19.8","10","701","87.6","37.3","22.6","419","8.3","82.9","73.4","56.9","67.6","74.8","55.4","37.3","54.3","57.9","43.3","66.7","16.5","61","5.1","6","99.1","5.9","45.6","15","76.5","59","58.6","47.6","62.7","41","78.1","1","100","25.2","19","15","62.5","4","71.4","230500","2.6","6","6.2","50.5","51.3","48.5","50.1"
"BlueSA","Textile","Petite","298","98","44.2","52.5","42","98.4","61.9","61","1422","72.7","33.2","17.1","91","1.6","57","14.9","33.7","9.3","67.5","39","59","98.2","47.4","27","69.9","24.6","16","1.3","2","99.7","9.8","2.2","8","35.3","58","57.6","55","75","63.3","61.9","1","100","66.1","70.3","13","54.2","7","28.6","152600","1.7","1","0","66.6","37.4","45.2","49.7"
"NatCorp","Services","Moyenne","1284","87.9","62.7","77.5","333","83.6","34.5","27.8","364","94.6","36.5","21.5","465","9.2","60.6","23","40.3","25.9","57.4","16.4","21.4","22.2","81.3","79.5","93.5","83.7","116","9.8","34","94.7","6","44.4","16","82.4","99","99","19.1","15.2","123.2","18.4","0","0","54.5","55.8","7","29.2","3","85.7","659400","7.7","5","5","65.5","46.6","28.8","46.8"
"AgroConsulting","Médias","Moyenne","1141","89.4","21.2","21.4","131","93.9","59.4","58","907","83.4","34","18.2","194","3.7","93.4","97.1","61.5","79.1","62.3","27.4","30.2","40","67.3","57.8","74.2","35.3","14","1.1","9","98.6","2.7","81.1","16","82.4","76","75.8","37.5","45.8","125.3","16.9","0","0","38.7","36","23","95.8","9","0","260900","3","3","2.5","60.7","55.8","22","45.9"
"BlueGlobal","Automobile","Grande","2203","78.5","51.7","62.7","1962","0.9","23.1","14","112","99.8","78.5","78.1","665","13.3","61.5","25.1","64.6","86.9","91.8","93.5","37.1","53.9","72.8","66.4","93.1","82.7","100","8.4","65","89.9","6.2","42.2","9","41.2","44","43.4","31.1","35.2","63.8","61.6","1","100","82.9","91.4","16","66.7","4","71.4","613900","7.1","11","12.5","55.7","52.5","58.7","55.7"
"BlueCorp","Textile","Moyenne","662","94.3","11.4","8.1","494","75.5","50.9","47.7","885","83.8","46.3","34.7","131","2.4","79.8","66.4","54.3","61.1","80.4","67.9","49.6","79.2","46.4","25.4","88.4","70.9","17","1.4","20","96.9","2.8","80","12","58.8","71","70.7","15.6","9.3","74.3","54","0","0","11.7","2.1","24","100","8","14.3","162500","1.8","2","1.2","57.4","53.1","24.8","44.9"
"TechInvest","Agroalimentaire","Grande","2251","78","8.9","4.7","1547","22","55.3","53","1435","72.4","24.3","5.1","1228","24.7","94","98.4","50.3","51","72.3","49.8","37.4","54.5","44.3","22.2","67.1","17.5","274","23.2","79","87.7","5.7","47.8","10","47.1","39","38.4","39.2","48.7","52.5","69.8","1","100","35.3","31.7","17","70.8","6","42.9","926100","10.8","19","22.5","39.2","47","49.8","45.4"
"NatSA","Automobile","Petite","355","97.4","44.9","53.5","58","97.6","14.4","3.5","124","99.6","92.7","97.2","42","0.6","66.8","37","36.4","16.1","50.6","1.1","40.6","61","61.7","49.1","80.3","50.6","6","0.4","4","99.4","1.7","92.2","16","82.4","23","22.2","65.2","92","140.6","5.8","1","100","14.6","5.8","11","45.8","4","71.4","44500","0.5","1","0","74.8","46.5","32.8","51.2"
"MetaSystèmes","Finance","Moyenne","972","91.1","45.5","54.3","224","89.2","38.6","32.8","263","96.7","86.3","88.6","201","3.9","50.8","0.9","32.5","6.3","94.7","100","21.3","22","77.9","74.3","87.1","67.7","15","1.2","14","97.8","6.4","40","2","0","60","59.6","12.4","4","26.6","88.6","1","100","71.3","76.8","24","100","2","100","327100","3.8","3","2.5","75.4","36.7","67.4","59.9"
"RedProduction","Chimie","Petite","303","98","52.8","64.1","83","96.3","21.4","12","625","89.2","89.6","93","50","0.8","61","23.9","34.7","11.8","80.2","67.5","52.3","84.6","64.1","52.9","69.4","23.3","9","0.7","6","99.1","5.7","47.8","2","0","93","92.9","27.5","29.2","140.7","5.7","1","100","66.2","70.4","16","66.7","9","0","98300","1.1","1","0","75.4","41.1","34.8","50.3"
"InnoGlobal","Médias","Grande","9261","6.4","59.5","73.2","1527","23","15.4","4.7","479","92.2","94.6","99.7","1278","25.7","87.4","83.5","39.1","22.9","64.3","31.8","31.4","42.4","32.1","3.3","93.2","83","261","22.1","174","72.9","7.7","25.6","4","11.8","93","92.9","22.5","20.8","105.7","31.2","1","100","36.5","33.2","13","54.2","4","71.4","2400700","28.1","19","22.5","49.9","41.4","48.7","46.7"
"AgroProduction","Agroalimentaire","Grande","3994","60.2","78.2","98.5","744","62.8","94.1","100","4517","8.6","33","16.8","713","14.2","88.9","86.9","43.7","34.4","89.6","88.6","17","13.3","86.5","87.6","81.8","54.4","36","3","95","85.2","6.7","36.7","11","52.9","34","33.3","24.3","23.8","84.4","46.6","1","100","64.1","67.8","15","62.5","3","85.7","1341100","15.7","13","15","57.8","47.3","56.2","53.8"
"BlueProduction","Agroalimentaire","Grande","5283","47","43.7","51.8","1866","5.7","37.4","31.4","4178","15.6","49.7","39.3","4262","86.2","84.6","77.2","45.2","38.2","61.6","25.8","43.2","66.3","34.2","6.5","66.6","16.3","945","80.3","624","2.8","5.9","45.6","9","41.2","53","52.5","64.5","90.8","14.6","97.3","0","0","41.7","39.7","13","54.2","9","0","3938100","46.2","61","75","31.8","48.4","44.6","41.6"
"PurInternational","Industrie","Moyenne","1633","84.4","29.2","32.2","429","78.8","78.8","81.5","408","93.7","76.9","75.9","187","3.6","55.1","10.6","43.9","34.9","74.5","54.7","20.8","21","92.1","96.3","83.3","58.1","16","1.3","3","99.5","7.2","31.1","16","82.4","21","20.2","38.1","46.8","76.6","52.3","1","100","70.5","75.8","8","33.3","2","100","195200","2.2","3","2.5","74.4","43.1","52.3","56.6"
"EcoSolutions","Pharmaceutique","Grande","3830","61.9","64.6","80.1","1925","2.7","31.6","24.3","333","95.3","72.2","69.6","2076","41.9","85.8","79.9","39.6","24.1","78.6","63.9","14.9","9.1","31.6","2.5","100","100","333","28.2","265","58.7","2.3","85.6","11","52.9","100","100","38","46.7","67.1","59.2","1","100","46.3","45.5","3","12.5","5","57.1","3052000","35.8","32","38.8","55.6","53.3","49.8","52.9"
"DigiTech","Santé","Grande","2616","74.3","25.3","26.9","1589","19.8","67.9","68.3","442","93","31.5","14.8","2948","59.5","91.3","92.3","50.4","51.3","59.9","22","53.1","86.3","75.1","69.9","66","14.8","393","33.3","340","47","6.4","40","2","0","98","98","55.6","76","32.6","84.2","1","100","43","41.4","24","100","6","42.9","5483100","64.3","39","47.5","49.5","53.1","68.6","57.2"
"PurServices","Médias","Moyenne","935","91.5","37.9","44","345","83","74.6","76.4","631","89.1","81.2","81.7","175","3.3","77","60","63","82.9","94","98.4","33","45.7","35.3","8.2","92.7","81.7","34","2.8","7","98.9","2.5","83.3","19","100","65","64.6","19.3","15.5","101.9","33.9","1","100","84.8","93.7","22","91.7","9","0","79700","0.9","2","1.2","77.6","57.3","45.9","60.1"
"GlobInvest","Construction","Moyenne","742","93.5","10.9","7.4","267","87","60.6","59.4","341","95.1","36.8","21.9","476","9.4","92.3","94.6","41.2","28.1","83.7","75.3","47.5","74.9","89.2","91.8","68.3","20.6","59","4.9","68","89.4","9.3","7.8","3","5.9","80","79.8","39.2","48.7","146","1.9","1","100","30.1","25.2","10","41.7","6","42.9","355900","4.1","5","5","60.7","48.6","31.5","46.8"
"GlobConseil","Industrie","Moyenne","1895","81.7","6.9","2","473","76.5","50.1","46.7","662","88.4","36.8","21.9","145","2.7","87.2","83.1","67.7","94.7","75.1","56.1","24.5","28.5","60.2","46.8","91.3","78.2","32","2.6","4","99.4","1.6","93.3","14","70.6","72","71.7","35.8","43","88.7","43.5","1","100","19.6","12","5","20.8","4","71.4","65300","0.7","3","2.5","52.9","59.3","35.8","49.2"
"BlueInternational","Pharmaceutique","Grande","8465","14.5","77.2","97.2","1799","9.1","45","40.6","468","92.5","60.3","53.6","1091","21.9","80","66.8","64.9","87.7","58.1","17.9","49.3","78.6","38.9","13.8","89.4","73.4","214","18.1","115","82.1","4.9","56.7","2","0","59","58.6","45.8","59.7","110.1","28","1","100","56.8","58.6","14","58.3","7","28.6","1420100","16.6","16","18.8","51.2","48.9","44.1","48"
"VitalIndustries","Pharmaceutique","Grande","7067","28.8","67.7","84.3","568","71.7","39.7","34.1","597","89.8","64.5","59.2","3220","65.1","76","57.8","36.5","16.3","52.4","5.2","15.6","10.5","52.2","34.4","72","29.8","578","49.1","134","79.1","7.3","30","3","5.9","5","4","70","100","19.6","93.7","0","0","87.5","97.1","4","16.7","2","100","2419300","28.3","43","52.5","61.3","37.5","55.5","51.5"
"PurPartners","Textile","Moyenne","1807","82.6","57.2","70.1","111","94.9","89","93.8","2463","51.1","63.5","57.9","301","5.9","65.7","34.5","61.5","79.1","64.4","32.1","27.8","35.2","40.7","16.6","73","32.3","63","5.3","21","96.7","5.1","54.4","17","88.2","45","44.4","56.2","77","68.5","58.2","1","100","40.2","37.8","10","41.7","5","57.1","236900","2.7","6","6.2","75.1","46.3","43.4","54.8"
"RedServices","Agroalimentaire","Moyenne","1706","83.6","35.7","41","251","87.8","80.6","83.7","1825","64.4","26.9","8.6","341","6.7","57.2","15.3","53","57.8","83.9","75.8","58.9","98","41.1","17.2","91.7","79.2","68","5.7","38","94.1","1.8","91.1","16","82.4","67","66.7","33.9","39.8","26.3","88.8","1","100","15","6.3","24","100","2","100","111700","1.3","5","5","61.5","56.1","57.3","58.3"
"VitalConsulting","Construction","Petite","175","99.3","18","17.1","83","96.3","92","97.5","954","82.4","85.8","87.9","11","0","77.2","60.5","52.7","57","62.1","26.9","49.7","79.4","91.6","95.5","78.5","46.1","1","0","1","99.8","6","44.4","14","70.6","68","67.7","59.7","82.8","95.8","38.3","1","100","37.1","34","17","70.8","6","42.9","9100","0","1","0","80.1","56.2","40.9","58.9"
"EcoGroup","Santé","Petite","457","96.4","16.7","15.3","99","95.5","20.6","11","787","85.9","39.9","26.1","42","0.6","64.3","31.4","45.6","39.2","74.3","54.3","34.9","49.5","58.9","44.8","89.2","72.9","5","0.3","3","99.5","6.8","35.6","17","88.2","37","36.4","20.2","17","141.4","5.2","1","100","50.5","50.8","12","50","2","100","73600","0.8","1","0","55","43.8","43.8","47.5"
"BluePartners","Industrie","Moyenne","1309","87.7","23.8","24.9","160","92.4","72.1","73.4","226","97.5","29.7","12.4","332","6.5","89","87.1","50","50.3","82.8","73.3","27","33.5","81.3","79.5","65.9","14.5","78","6.5","18","97.2","7.3","30","18","94.1","94","93.9","11.8","3","102.6","33.4","1","100","23","16.3","10","41.7","5","57.1","205700","2.4","5","5","64.7","51.5","36.6","50.8"
"PurProduction","Agroalimentaire","Moyenne","1711","83.6","46.2","55.2","338","83.4","89.8","94.8","4408","10.9","86.7","89.1","176","3.3","94.7","100","45.9","39.9","54.9","10.8","53.6","87.3","71.6","64.5","94.1","85.2","13","1","22","96.6","4.4","62.2","8","35.3","17","16.2","22.3","20.5","20.8","92.8","0","0","62.6","65.9","13","54.2","7","28.6","255400","2.9","1","0","69.5","47.9","34.9","50.6"
"AlphaInternational","Énergie","Petite","458","96.4","58.6","72","44","98.3","25.4","16.8","539","91","91.7","95.8","35","0.5","83.9","75.6","51.6","54.3","80.8","68.8","37.2","54.1","74","68.2","88.4","70.9","7","0.5","1","99.8","6.1","43.3","18","94.1","50","49.5","30.4","34","59.7","64.6","1","100","89.8","100","17","70.8","4","71.4","46700","0.5","1","0","78.4","54.9","58.2","63.8"
"SoliGroup","Chimie","Moyenne","977","91.1","54.5","66.4","488","75.8","15.7","5.1","905","83.4","84.7","86.4","202","3.9","54.1","8.4","55.1","63.1","54.1","9","47.9","75.8","38.6","13.3","96.3","90.7","49","4.1","14","97.8","5.1","54.4","8","35.3","69","68.7","40.6","51","87.1","44.7","0","0","46.1","45.2","24","100","3","85.7","354400","4.1","2","1.2","68","44.3","40.1","50.7"
"SmartConseil","Industrie","Grande","2880","71.6","26","27.9","1763","11","73","74.5","820","85.2","80.7","81","2741","55.3","63","28.4","57","67.8","93.4","97.1","47.7","75.4","45.2","23.6","65.3","13","166","14","374","41.7","7","33.3","14","70.6","70","69.7","46.9","61.5","66.4","59.7","1","100","38.4","35.6","18","75","2","100","1200900","14","29","35","58.5","50.1","59.9","56.2"
"EuroConseil","Santé","Grande","3823","62","76.6","96.3","1757","11.3","58.8","57.3","483","92.1","69.1","65.4","589","11.7","54.9","10.2","51.3","53.5","72","49.1","10.9","1","81.1","79.2","83.7","59.1","110","9.3","76","88.2","6.3","41.1","6","23.5","65","64.6","64.6","91","126.7","15.9","1","100","42.1","40.2","23","95.8","9","0","1154200","13.5","8","8.8","64.1","44.7","39.2","49.2"
"CyberProduction","Industrie","Grande","5417","45.7","60.3","74.3","1203","39.4","81.6","84.9","120","99.7","61.3","54.9","2209","44.6","79.3","65.2","58.9","72.6","56.8","15","16.3","11.9","93.1","97.8","84","59.9","317","26.9","146","77.3","5.7","47.8","18","94.1","28","27.3","40.6","51","124.1","17.8","0","0","19.2","11.5","14","58.3","3","85.7","2758400","32.3","25","30","66.5","53.2","33.7","51"
"InnoInternational","Distribution","Moyenne","1727","83.4","46.6","55.8","266","87","21.9","12.6","342","95.1","26.5","8.1","221","4.3","84.4","76.7","35.7","14.3","65.4","34.3","43","65.9","47.1","26.5","74.1","35.1","37","3.1","26","96","3.2","75.6","4","11.8","16","15.2","40.1","50.2","95.7","38.4","0","0","80.7","88.6","8","33.3","6","42.9","440200","5.1","2","1.2","57","39.2","29.9","41.9"
"PrimeInternational","Distribution","Moyenne","1791","82.7","50.9","61.6","209","89.9","77.6","80","587","90","50.6","40.5","242","4.7","91.7","93.2","38.5","21.4","68.6","41.5","18.1","15.6","47.7","27.4","78.3","45.6","16","1.3","30","95.3","1","100","8","35.3","64","63.6","13","5","62.3","62.7","1","100","43.2","41.6","7","29.2","4","71.4","445500","5.2","3","2.5","74.1","42.3","44.7","53.6"
"GlobGlobal","Automobile","Petite","103","100","36.5","42.1","15","99.8","27.1","18.9","670","88.3","48","37","53","0.9","69.7","43.6","62.7","82.2","84.1","76.2","22.8","25.1","60.7","47.6","61.5","3.5","3","0.2","7","98.9","2.6","82.2","18","94.1","60","59.6","12.1","3.5","45.7","74.7","0","0","41","38.8","19","79.2","8","14.3","31700","0.3","1","0","64.4","47.5","29.6","47"
"CyberGroup","Textile","Moyenne","1266","88.1","23.6","24.6","446","77.9","23.9","15","1660","67.8","39.5","25.6","404","8","90.6","90.7","42.9","32.4","83.5","74.9","57.3","94.7","93.9","99.1","89.8","74.4","74","6.2","35","94.5","2.1","87.8","8","35.3","18","17.2","43.1","55.2","24.8","89.9","1","100","62.8","66.2","0","0","4","71.4","121600","1.4","6","6.2","49.8","59.3","47.9","52.3"
"NatGroup","Énergie","Moyenne","1126","89.5","31.7","35.6","425","79","24","15.1","225","97.5","74.3","72.4","459","9.1","89.5","88.3","30.9","2.3","77.5","61.4","38","55.8","47.5","27.1","82","54.9","99","8.3","18","97.2","5","55.6","2","0","71","70.7","36.3","43.8","59.7","64.6","0","0","45.4","44.4","3","12.5","2","100","303000","3.5","8","8.8","64.9","44.2","33.4","47.4"
"AlphaTravaux","Finance","Petite","189","99.1","61.8","76.3","100","95.5","79.2","82","851","84.5","57.2","49.4","84","1.5","64.3","31.4","36.2","15.6","54.8","10.5","47.5","74.9","56.5","41.1","62.3","5.5","17","1.4","4","99.4","6.5","38.9","18","94.1","46","45.5","60.4","84","67.8","58.7","0","0","61.9","65","13","54.2","9","0","96600","1.1","1","0","81.1","41.8","25.6","49.3"
"GlobTravaux","Finance","Moyenne","680","94.1","6.1","0.9","499","75.2","66.5","66.6","986","81.7","26.1","7.5","416","8.2","89.1","87.4","38.9","22.4","56.8","15","37.9","55.6","87.9","89.8","87.2","67.9","66","5.5","21","96.7","2.9","78.9","18","94.1","67","66.7","19.6","16","104.6","32","1","100","14.9","6.1","24","100","7","28.6","211700","2.4","4","3.8","54.3","54.2","39","49.1"
"TechPartners","Santé","Petite","235","98.7","13.7","11.2","60","97.5","54.5","52.1","573","90.3","36.5","21.5","76","1.3","66.9","37.2","68.3","96.2","54.2","9.2","37.6","54.9","30.2","0.3","78.7","46.6","5","0.3","7","98.9","9.5","5.6","12","58.8","84","83.8","11.5","2.5","102.1","33.8","1","100","75.1","81.6","1","4.2","4","71.4","38100","0.4","1","0","61.9","38.1","41.6","47.1"
"TechSystèmes","Services","Moyenne","1914","81.5","8.5","4.2","408","79.8","40.5","35.1","255","96.9","71.2","68.2","222","4.3","63.4","29.3","52.9","57.5","76","58.1","14.7","8.7","32.6","4","61.4","3.3","42","3.5","3","99.5","1.1","98.9","4","11.8","17","16.2","36.9","44.8","19.8","93.5","1","100","85.2","94.2","15","62.5","2","100","229300","2.6","2","1.2","61","33.8","64.9","53.4"
"AgroSystèmes","Chimie","Moyenne","985","91","8.1","3.7","478","76.3","84.6","88.5","345","95","25.7","7","489","9.7","79.2","65","67.3","93.7","89.5","88.3","27.2","33.9","69.3","60.9","98.8","97","48","4","48","92.5","8","22.2","16","82.4","2","1","24.2","23.7","65.3","60.5","1","100","61.9","65","2","8.3","2","100","127100","1.4","6","6.2","60.2","51.9","48.8","53.6"
"AgroHolding","Finance","Moyenne","1278","88","69.2","86.3","440","78.2","43.4","38.6","117","99.7","83.8","85.2","108","2","64.8","32.5","53","57.8","69.5","43.5","24.1","27.7","89","91.5","98","95","25","2","7","98.9","6.6","37.8","12","58.8","78","77.8","13","5","35.4","82.2","1","100","86.4","95.7","7","29.2","3","85.7","45300","0.5","1","0","79.3","48.5","56.2","61.3"
"GlobHolding","Chimie","Moyenne","1555","85.2","57.8","70.9","199","90.4","79.4","82.2","923","83","57.1","49.3","361","7.1","78.4","63.2","49.2","48.2","57.2","15.9","29.5","38.6","45.5","24","80.5","51.1","79","6.6","19","97","4.4","62.2","17","88.2","61","60.6","53.5","72.5","32","84.7","1","100","22.1","15.2","5","20.8","4","71.4","342400","4","5","5","76.8","48.9","43","56.1"
"TechTech","Santé","Grande","4909","50.9","40.6","47.6","1176","40.8","47.3","43.3","206","97.9","56","47.8","3644","73.6","77.4","60.9","42.5","31.4","75.1","56.1","49.9","79.8","60.5","47.3","63.7","9","699","59.4","485","24.5","1.5","94.4","10","47.1","70","69.7","16.7","11.2","125.8","16.6","1","100","48.2","47.9","15","62.5","2","100","1142900","13.4","31","37.5","54.7","51.1","54","53.3"
"QuantumGlobal","Énergie","Grande","9774","1.1","12.3","9.3","694","65.3","42","36.9","619","89.3","64.4","59.1","2770","55.9","75.4","56.4","54.3","61.1","86.5","81.6","28.6","36.8","59.3","45.4","90.2","75.4","664","56.4","206","67.9","6.6","37.8","2","0","84","83.8","46.5","60.8","15.9","96.4","1","100","58.1","60.3","23","95.8","3","85.7","2532200","29.7","49","60","43.5","55.3","75.4","58.2"
"AgroTravaux","Services","Moyenne","1944","81.2","41.9","49.4","482","76.1","49.3","45.8","347","95","81.9","82.6","140","2.6","67.1","37.7","35.6","14.1","83.4","74.7","32.6","44.8","60.7","47.6","79.7","49.1","8","0.6","3","99.5","4.5","61.1","17","88.2","80","79.8","26.9","28.2","68.7","58","1","100","56.5","58.3","15","62.5","9","0","147400","1.7","2","1.2","71.7","48.3","40.2","53.3"
"NatFrance","Services","Grande","4014","60","40.5","47.5","1409","29","35.6","29.2","599","89.7","46.1","34.5","1215","24.4","74.7","54.9","65.9","90.2","89.7","88.8","29.9","39.4","70.5","62.8","72.1","30.1","240","20.3","153","76.2","9.4","6.7","10","47.1","96","96","20.4","17.3","33.5","83.6","1","100","42.1","40.2","6","25","5","57.1","1229900","14.4","11","12.5","48.3","50.3","47.5","48.7"
"BlueFrance","Distribution","Petite","299","98","18","17.1","31","99","73.5","75.1","686","87.9","70.9","67.8","17","0.1","76.8","59.6","63.2","83.4","62.5","27.8","14.7","8.7","60.5","47.3","79.7","49.1","2","0.1","0","100","5.9","45.6","13","64.7","54","53.5","32.8","38","133.1","11.3","0","0","37","33.8","12","50","9","0","30000","0.3","1","0","74.2","44.5","13.6","43.8"
"SoliIndustries","Textile","Grande","4407","56","37.5","43.4","1508","23.9","52.7","49.9","4234","14.5","62.4","56.4","4411","89.2","74.6","54.6","42.7","31.9","58.7","19.3","32.1","43.8","59.1","45.1","80.9","52.1","1020","86.6","493","23.2","9.5","5.6","10","47.1","49","48.5","58.1","80.2","88","44","1","100","20.1","12.7","12","50","8","14.3","5090800","59.7","45","55","40.7","48.2","48","45.7"
"PrimeServices","Agroalimentaire","Petite","214","98.9","34.9","39.9","66","97.2","29.7","22","1429","72.6","40","26.2","59","1","70","44.2","68.1","95.7","89.6","88.6","19.8","19","60.8","47.8","82.5","56.1","6","0.4","7","98.9","3","77.8","8","35.3","40","39.4","33.5","39.2","42.4","77.1","0","0","41.3","39.2","4","16.7","3","85.7","61500","0.7","1","0","59.5","49.5","31.3","46.6"
"EuroServices","Services","Petite","115","99.9","51.2","62","42","98.4","86.5","90.8","110","99.9","85.9","88","71","1.2","50.7","0.7","63","82.9","79.6","66.1","19.3","18","68.4","59.5","77.6","43.9","14","1.1","4","99.4","7.5","27.8","15","76.5","15","14.1","55","75","80.3","49.6","1","100","23","16.3","24","100","3","85.7","66700","0.7","1","0","89.8","43.6","50.3","61.1"
"BioGlobal","Technologie","Petite","344","97.5","52.6","63.9","20","99.5","42.6","37.7","223","97.5","79.8","79.8","93","1.7","76.4","58.7","56.7","67.1","64","31.2","14.7","8.7","64.9","54.1","84.2","60.4","21","1.7","12","98.1","6.6","37.8","3","5.9","57","56.6","17.5","12.5","112.4","26.3","0","0","68.7","73.6","19","79.2","2","100","155500","1.8","1","0","79.3","38","40.1","52.3"
"CyberInternational","Santé","Grande","6021","39.5","8.4","4.1","1507","24","56.2","54.1","910","83.3","69.4","65.8","4706","95.2","57.6","16.3","34.9","12.3","83.4","74.7","27.8","35.2","85.5","86","96.7","91.7","275","23.3","387","39.7","7.7","25.6","10","47.1","28","27.3","56.4","77.3","144.1","3.3","1","100","26.7","20.9","21","87.5","6","42.9","8523000","100","74","91.2","45.1","50.1","63.7","53.1"
"DigiEurope","Médias","Moyenne","577","95.2","33.1","37.5","308","84.9","87.1","91.5","887","83.8","83.8","85.2","350","6.9","78.9","64.3","49.1","48","86.7","82.1","47.9","75.8","33.2","5","74.5","36.1","45","3.7","26","96","2.9","78.9","14","70.6","92","91.9","24.2","23.7","40.9","78.2","1","100","14.7","5.9","17","70.8","6","42.9","607500","7.1","3","2.5","79.7","52.5","43.9","58.6"
"BioInvest","Services","Moyenne","918","91.7","51.9","62.9","409","79.8","63.1","62.5","638","88.9","85","86.8","482","9.5","84.2","76.3","50.2","50.8","77.7","61.9","23.8","27.1","84.2","84","89","72.4","98","8.2","8","98.8","7","33.3","16","82.4","58","57.6","50.6","67.7","134.1","10.5","0","0","54.2","55.4","14","58.3","7","28.6","680800","7.9","6","6.2","78.8","56.2","23.8","52.6"
"PrimeSolutions","Services","Grande","9266","6.3","42.7","50.5","1280","35.5","19.9","10.2","640","88.9","73.1","70.8","2554","51.6","72.5","49.9","39.3","23.4","81","69.3","25.6","30.7","84.9","85.1","95.8","89.5","360","30.5","129","79.9","5.5","50","4","11.8","59","58.6","43.9","56.5","140.8","5.7","0","0","57.6","59.6","17","70.8","6","42.9","1142300","13.3","24","28.8","43.7","52.8","31.6","42.6"
"CyberIndustries","Automobile","Petite","196","99","69.2","86.3","87","96.1","89.9","94.9","699","87.7","82.8","83.8","84","1.5","74.4","54.2","33.2","8","66.9","37.7","42.1","64","48.5","28.7","78.2","45.4","9","0.7","12","98.1","7.7","25.6","12","58.8","35","34.3","65.7","92.8","138.3","7.5","0","0","79.8","87.5","1","4.2","3","85.7","58700","0.6","1","0","91.3","42.3","26.5","53.1"
"RedEurope","Pharmaceutique","Grande","3159","68.8","54.4","66.3","1328","33.1","63.4","62.8","258","96.8","72.3","69.7","707","14.1","92.8","95.7","61.1","78.1","74.2","54","19.8","19","60.1","46.7","77.7","44.1","66","5.5","46","92.8","3.9","67.8","15","76.5","5","4","33.2","38.7","99","36","1","100","56.2","57.9","9","37.5","7","28.6","200000","2.3","13","15","66.2","49","39.6","51.5"
"NatInternational","Transport","Moyenne","1234","88.4","17.2","16","324","84.1","38.5","32.7","923","83","71","68","487","9.6","88.1","85.1","34.9","12.3","73.6","52.7","54.8","89.7","58.5","44.2","84.1","60.2","37","3.1","42","93.5","9","11.1","9","41.2","3","2","14","6.7","98.2","36.6","1","100","37.6","34.6","22","91.7","9","0","913400","10.7","8","8.8","62","39.3","40.3","47.1"
"AlphaFrance","Chimie","Grande","9885","0","10.3","6.6","1815","8.3","21.8","12.5","477","92.3","66.4","61.8","3961","80.1","91.1","91.9","53.8","59.8","88.2","85.4","36","51.7","44.2","22","83.7","59.1","877","74.5","335","47.8","1.8","91.1","19","100","42","41.4","11.1","1.8","66.4","59.7","0","0","74.2","80.5","12","50","2","100","5503600","64.6","38","46.2","30.2","62","57.3","49.9"
"GlobSA","Technologie","Grande","3936","60.8","53.2","64.7","1105","44.4","77.5","79.9","445","92.9","76.5","75.4","3885","78.5","86.6","81.7","67.5","94.2","87.8","84.5","32.4","44.4","55.8","40","92.3","80.7","641","54.4","360","43.9","8.3","18.9","17","88.2","8","7.1","59.6","82.7","115.3","24.2","1","100","53.2","54.1","17","70.8","9","0","5996300","70.3","54","66.2","69.7","61.5","55.1","62"
"NexusTech","Médias","Moyenne","1508","85.6","7","2.2","154","92.7","62.7","62","567","90.4","31.9","15.3","121","2.2","54.9","10.2","65","87.9","87.5","83.9","37.9","55.6","32.9","4.5","79.1","47.6","8","0.6","2","99.7","8.8","13.3","3","5.9","61","60.6","41.5","52.5","84.4","46.6","1","100","16.3","7.9","14","58.3","4","71.4","92100","1","1","0","58","40.3","40.7","46.3"
"RedGroup","Automobile","Moyenne","1642","84.3","48.9","58.9","112","94.9","55.3","53","142","99.2","86.1","88.3","482","9.5","56.7","14.2","41.1","27.9","50.5","0.9","18.3","16","48.1","28.1","99.8","99.5","61","5.1","29","95.5","8.4","17.8","9","41.2","88","87.9","56.5","77.5","104.8","31.8","1","100","55.3","56.8","11","45.8","8","14.3","830100","9.7","9","10","79.8","40.1","38.3","52.6"
"EuroMonde","Pharmaceutique","Petite","195","99.1","75.5","94.9","78","96.6","86","90.2","250","97","85.4","87.3","12","0","73.7","52.6","64.1","85.7","83.7","75.3","40.7","61.2","83.1","82.3","62.4","5.8","1","0","1","99.8","5.6","48.9","7","29.4","88","87.9","24.1","23.5","70","57.1","1","100","82.6","91","14","58.3","8","14.3","8000","0","1","0","94.2","50.2","45.8","63.2"
"InnoInvest","Transport","Petite","391","97.1","48.2","57.9","66","97.2","77","79.3","764","86.3","22.2","2.3","50","0.8","61.1","24.2","30","0","84.1","76.2","28.2","36","48.5","28.7","60.1","0","4","0.3","2","99.7","4.9","56.7","13","64.7","66","65.7","30.7","34.5","112.4","26.3","1","100","41.7","39.7","12","50","3","85.7","10100","0.1","1","0","70","37.5","43.1","50.1"
"RedPartners","Services","Moyenne","1052","90.3","34.1","38.8","382","81.1","22.9","13.8","175","98.5","81.9","82.6","287","5.6","71.5","47.6","30.7","1.8","80.5","68.2","54.9","89.9","83.2","82.5","85.6","63.9","39","3.2","11","98.3","10","0","16","82.4","21","20.2","11.8","3","125.4","16.8","1","100","33.7","29.7","17","70.8","3","85.7","251900","2.9","4","3.8","67.5","43.6","44.2","51.7"
"PurConsulting","Agroalimentaire","Petite","353","97.4","53.2","64.7","29","99.1","36.5","30.3","3214","35.6","29.7","12.4","23","0.2","67.7","39.1","54.1","60.6","84","76","18.4","16.2","64.6","53.6","71.9","29.6","3","0.2","0","100","3.1","76.7","9","41.2","86","85.9","67.7","96.2","30.5","85.8","0","0","21.5","14.4","14","58.3","7","28.6","28200","0.3","1","0","56.6","52","26.8","45"
"EuroSolutions","Technologie","Moyenne","1450","86.2","39.4","46","155","92.7","31.1","23.7","321","95.5","45.1","33.1","111","2","74.7","54.9","44.6","36.7","87.9","84.8","35.4","50.5","87.2","88.7","69.6","23.8","13","1","8","98.8","5.9","45.6","5","17.6","89","88.9","50.1","66.8","126.6","16","0","0","22.1","15.2","24","100","2","100","117800","1.3","2","1.2","62.9","50.8","33.4","48.9"
"TechIndustries","Distribution","Grande","6286","36.8","45.9","54.8","522","74","73.2","74.7","450","92.8","75.8","74.4","2634","53.2","83.6","74.9","45.5","38.9","71.2","47.3","39.9","59.6","67.4","58","72.5","31.1","521","44.2","352","45.2","7","33.3","16","82.4","20","19.2","66","93.3","85.6","45.8","0","0","44.6","43.4","22","91.7","5","57.1","4614100","54.1","15","17.5","67.9","52.4","44.2","54.7"
"PurIndustries","Industrie","Petite","136","99.7","75.6","95","42","98.4","12.9","1.7","360","94.7","32.1","15.6","21","0.2","82.2","71.8","52.6","56.8","72.6","50.4","11.7","2.6","31.9","2.9","70.2","25.3","2","0.1","0","100","7.3","30","18","94.1","74","73.7","25.9","26.5","128.3","14.7","0","0","57.7","59.8","10","41.7","3","85.7","8200","0","1","0","67.5","41.1","28.8","45.6"
"GlobEurope","Pharmaceutique","Moyenne","1753","83.1","34","38.7","336","83.5","58.4","56.8","420","93.5","81.3","81.8","496","9.8","73.5","52.1","37.7","19.3","55.6","12.3","28.2","36","73.9","68.1","61.2","2.8","88","7.4","18","97.2","2.8","80","14","70.6","29","28.3","46.7","61.2","70.4","56.8","1","100","16.4","8","18","75","5","57.1","593700","6.9","6","6.2","72.9","41.9","44.3","52.9"
"DigiGroup","Services","Grande","4566","54.4","77.1","97","1088","45.3","74.8","76.6","747","86.7","82.4","83.3","2060","41.5","87","82.6","38.5","21.4","67.3","38.6","46.6","73.1","32.9","4.5","98.9","97.2","338","28.7","110","82.9","6.9","34.4","19","100","80","79.8","50.7","67.8","63.1","62.1","1","100","85.2","94.2","2","8.3","9","0","2314100","27.1","17","20","73.9","57.9","44.5","58.6"
"DigiInternational","Médias","Grande","3492","65.4","72.9","91.3","1156","41.8","84.5","88.4","367","94.6","58.1","50.6","1766","35.6","69.4","42.9","49.4","48.7","79","64.8","51","82","59.3","45.4","68.8","21.8","289","24.5","199","69","8.4","17.8","3","5.9","100","100","29.1","31.8","138.1","7.6","1","100","70.4","75.7","6","25","5","57.1","1247700","14.6","32","38.8","72","45.4","45.5","54.2"
"QuantumSystèmes","Automobile","Moyenne","561","95.3","19.7","19.4","462","77.1","39.1","33.4","610","89.5","20.5","0","221","4.3","90.4","90.3","60.2","75.9","85.1","78.5","25.7","30.9","90.4","93.6","89.4","73.4","40","3.3","22","96.6","1.5","94.4","14","70.6","3","2","60.9","84.8","45.2","75.1","0","0","56.9","58.8","20","83.3","6","42.9","371300","4.3","1","0","52.4","61.4","37.8","50.4"
"DigiConsulting","Médias","Moyenne","1386","86.9","10.2","6.5","239","88.4","79.8","82.7","528","91.2","41.5","28.3","246","4.8","53.2","6.3","54.8","62.3","59.8","21.7","49.9","79.8","40.7","16.6","90.5","76.2","39","3.2","17","97.4","9.2","8.9","14","70.6","90","89.9","66.8","94.7","128.2","14.8","0","0","76.3","83.1","13","54.2","2","100","382600","4.4","3","2.5","64","48.6","37","49.7"
"PurHolding","Services","Grande","7421","25.2","12.6","9.7","1271","36","19.4","9.6","697","87.7","66.3","61.6","4138","83.7","93","96.2","41.9","29.9","56.2","13.7","58.4","97","55.3","39.2","97.2","93","935","79.4","481","25.1","1.3","96.7","16","82.4","62","61.6","63.1","88.5","77.8","51.4","1","100","16.4","8","13","54.2","8","14.3","6286200","73.7","64","78.8","38.3","68.2","54.3","53.6"
"SmartPartners","Textile","Grande","2133","79.2","6.4","1.4","1675","15.4","81.9","85.2","4716","4.5","93.6","98.4","1249","25.1","79.5","65.7","47.2","43.2","79.8","66.6","52.8","85.7","77.4","73.5","61.2","2.8","231","19.6","119","81.5","4.2","64.4","11","52.9","97","97","54.3","73.8","82","48.4","1","100","48.1","47.7","21","87.5","8","14.3","2219700","26","11","12.5","47.4","57.8","48.1","51.1"
"PurCorp","Chimie","Moyenne","1268","88.1","12.1","9.1","259","87.4","20.8","11.3","759","86.4","67.4","63.1","455","9","67.1","37.7","36.8","17.1","50.1","0","15.9","11.1","87.3","88.8","94.9","87.2","73","6.1","62","90.3","1.1","98.9","4","11.8","47","46.5","26.6","27.7","53.2","69.3","0","0","60.4","63.2","12","50","5","57.1","683000","8","7","7.5","57.6","40.9","36.4","44.9"
"SmartMonde","Chimie","Moyenne","840","92.5","56.2","68.7","349","82.8","43.8","39.1","293","96.1","39.5","25.6","272","5.3","58.9","19.2","33","7.5","58","17.7","47","73.9","73.6","67.6","81.1","52.6","59","4.9","34","94.7","1.7","92.2","4","11.8","85","84.8","26.9","28.2","90.2","42.4","1","100","76.3","83.1","11","45.8","8","14.3","167900","1.9","5","5","67.5","43.1","41.8","50.7"
"PurSystèmes","Textile","Grande","7161","27.8","10.3","6.6","1794","9.4","77.8","80.3","640","88.9","67.6","63.4","2427","49","71.6","47.9","61.3","78.6","51.3","2.7","26","31.5","46.8","26","85.3","63.2","416","35.3","110","82.9","9.2","8.9","15","76.5","6","5.1","67.8","96.3","55.5","67.6","1","100","72.7","78.6","23","95.8","9","0","3567700","41.8","19","22.5","46.1","46.5","58","50.3"
"EcoConseil","Pharmaceutique","Grande","3395","66.3","28.9","31.8","1924","2.8","22.7","13.6","336","95.2","60.5","53.8","4304","87","58.8","19","40.6","26.6","57.5","16.6","59.4","99","73.8","67.9","85.8","64.4","466","39.5","207","67.8","4.2","64.4","9","41.2","34","33.3","10.6","1","15.5","96.7","1","100","32.2","27.8","8","33.3","2","100","3244600","38","81","100","43.9","48.3","70.8","54.5"
"GlobProduction","Transport","Moyenne","1536","85.4","68.4","85.3","159","92.5","29.5","21.8","636","89","78.5","78.1","218","4.2","57.5","16","37.1","17.8","58.2","18.2","34.3","48.3","49.3","29.9","92.8","82","20","1.6","6","99.1","4.8","57.8","5","17.6","7","6.1","53","71.7","48.1","73","1","100","85.3","94.4","0","0","6","42.9","138600","1.6","3","2.5","75.4","36.2","44.9","52.1"
"VitalExpert","Automobile","Moyenne","1080","90","6.7","1.8","471","76.6","71.4","72.5","146","99.1","28","10.1","408","8","77.8","61.9","57.7","69.6","67.4","38.8","16.1","11.5","76.7","72.4","73.3","33.1","33","2.7","23","96.4","2.9","78.9","12","58.8","98","98","52.4","70.7","10.9","100","0","0","19.9","12.4","18","75","2","100","135200","1.5","4","3.8","58.4","53.9","41.8","51.3"
"QuantumInternational","Santé","Grande","9494","4","66.1","82.1","1238","37.7","71.2","72.3","547","90.8","77.1","76.2","2835","57.2","73.5","52.1","54.7","62.1","68.1","40.4","46.3","72.5","92","96.1","89.3","73.2","652","55.4","425","33.8","6.4","40","12","58.8","82","81.8","47.4","62.3","147","1.2","0","0","80","87.7","10","41.7","3","85.7","4363800","51.2","32","38.8","60.5","60.4","43.8","54.8"
"SoliMonde","Agroalimentaire","Moyenne","706","93.8","26.1","28","203","90.2","64.5","64.2","3186","36.2","60.6","54","406","8","80.2","67.3","55.3","63.6","89.3","87.9","26.2","31.9","76.9","72.7","81.1","52.6","78","6.5","27","95.8","6.4","40","12","58.8","85","84.8","69.4","99","145.2","2.5","1","100","87.7","97.4","22","91.7","5","57.1","600800","7","4","3.8","61.1","59.1","51.4","57.1"
"RedSA","Santé","Moyenne","1012","90.7","13.9","11.5","284","86.1","69","69.6","401","93.8","92.2","96.5","399","7.9","91.8","93.5","39.2","23.1","73","51.3","59.9","100","86.1","87","91.7","79.2","95","8","16","97.5","4.3","63.3","3","5.9","94","93.9","28.7","31.2","65.3","60.5","1","100","24.2","17.8","21","87.5","2","100","248200","2.9","6","6.2","74.7","57.1","53.6","61.7"
"RedExpert","Industrie","Moyenne","670","94.2","57.3","70.2","492","75.6","56.1","54","794","85.7","45.6","33.8","181","3.4","74","53.3","39.3","23.4","82.6","72.9","59","98.2","30.1","0.2","99.6","99","31","2.6","21","96.7","4","66.7","18","94.1","9","8.1","30.4","34","112","26.6","1","100","67.8","72.4","22","91.7","9","0","280300","3.2","3","2.5","68.9","50.2","42.3","53.7"
"SoliConsulting","Services","Moyenne","1887","81.8","52.2","63.3","297","85.5","31.4","24.1","196","98.1","67.4","63.1","310","6.1","76.1","58","38.8","22.1","54.7","10.3","42.8","65.5","76.6","72.2","68","19.8","45","3.7","27","95.8","9","11.1","10","47.1","39","38.4","14.7","7.8","58.4","65.5","1","100","13.2","4","23","95.8","8","14.3","574200","6.7","5","5","69.3","35.2","41.6","48.6"
"EcoFrance","Agroalimentaire","Petite","451","96.4","70.8","88.5","40","98.5","39.4","33.8","838","84.8","89.9","93.4","31","0.4","54","8.1","37","17.6","60.1","22.4","16.5","12.3","83.9","83.6","99.8","99.5","2","0.1","1","99.8","4.4","62.2","3","5.9","7","6.1","36.6","44.3","104","32.4","0","0","42.4","40.6","21","87.5","4","71.4","12200","0.1","1","0","82.6","35.6","33.1","50.3"
"SmartGlobal","Technologie","Petite","203","99","60.1","74","67","97.2","25.4","16.8","755","86.5","27.7","9.7","46","0.7","82.3","72","56.2","65.8","81.6","70.6","44.3","68.5","32.6","4","63.6","8.8","8","0.6","3","99.5","5.4","51.1","16","82.4","21","20.2","25.7","26.2","122.8","18.7","1","100","51.3","51.8","18","75","2","100","28500","0.3","1","0","63.9","43.9","49.4","52.4"
"EcoHolding","Services","Grande","7280","26.6","65.3","81.1","860","56.9","87.2","91.6","546","90.8","90.3","93.9","811","16.2","68","39.7","63.9","85.2","52.4","5.2","14.7","8.7","86.7","87.9","60.1","0","135","11.4","55","91.4","3.5","72.2","17","88.2","23","22.2","30.6","34.3","142.5","4.4","0","0","56.5","58.3","17","70.8","5","57.1","1257400","14.7","11","12.5","73.5","43.3","31.1","49.1"
"PurExpert","Distribution","Petite","427","96.7","26.2","28.1","17","99.7","59.6","58.2","720","87.2","71.6","68.8","68","1.2","94","98.4","59","72.9","71.9","48.9","11.5","2.2","46.7","25.9","61.8","4.3","17","1.4","8","98.8","8.1","21.1","5","17.6","47","46.5","60.1","83.5","66","60","1","100","84.9","93.9","11","45.8","6","42.9","47200","0.5","1","0","73.1","40.2","49","54"
"NatTech","Construction","Moyenne","1333","87.4","18.3","17.5","152","92.8","44.1","39.5","491","92","25.1","6.2","230","4.4","87","82.6","61.7","79.6","77","60.3","51.1","82.2","73.2","67","73.7","34.1","23","1.9","3","99.5","4.6","60","9","41.2","27","26.3","66.1","93.5","119.7","21","1","100","63.8","67.4","22","91.7","8","14.3","304600","3.5","3","2.5","55.9","56.4","42.9","51.6"
"BioTravaux","Construction","Petite","312","97.9","61.3","75.6","22","99.4","49.3","45.8","322","95.5","42.6","29.7","37","0.5","73.5","52.1","46.2","40.7","77.1","60.5","20.5","20.4","82","80.6","85.3","63.2","6","0.4","2","99.7","5.6","48.9","10","47.1","10","9.1","21.1","18.5","47.2","73.6","1","100","48.5","48.2","0","0","6","42.9","12800","0.1","1","0","74","41.7","37.8","51"
"AgroInternational","Pharmaceutique","Grande","3935","60.8","65.5","81.3","728","63.6","90.5","95.6","837","84.8","73.1","70.8","1254","25.2","55.5","11.5","56.2","65.8","51","2","29","37.6","73.1","66.8","62.8","6.8","226","19.1","103","84","3.3","74.4","6","23.5","17","16.2","32.4","37.3","148.6","0","1","100","74.8","81.2","18","75","5","57.1","1271500","14.9","20","23.8","76.1","36.2","50.3","54.2"
"MetaConsulting","Services","Grande","2745","73","79.3","100","708","64.6","23","13.9","819","85.2","25.1","6.2","4630","93.6","88.7","86.5","44.2","35.7","64.5","32.3","58.7","97.6","36","9.3","60.2","0.3","828","70.3","221","65.6","9.9","1.1","17","88.2","15","14.1","65.7","92.8","13.6","98","1","100","86","95.2","19","79.2","8","14.3","7085600","83.1","54","66.2","57.2","52.9","76.6","62.4"
"TechMonde","Chimie","Grande","9178","7.2","35.9","41.3","1461","26.3","59.8","58.5","725","87.1","63.7","58.1","852","17","86","80.4","51","52.8","78.6","63.9","26.8","33.1","68.8","60.2","97.5","93.7","138","11.6","83","87.1","3.6","71.1","14","70.6","97","97","13.7","6.2","94.5","39.3","1","100","11.8","2.3","16","66.7","3","85.7","1223200","14.3","5","5","46.4","57.3","44.8","49.5"
"PrimeTravaux","Finance","Petite","460","96.4","32.9","37.2","26","99.2","53","50.2","345","95","45.9","34.2","16","0.1","58.3","17.8","49.3","48.5","56.7","14.8","24.8","29.1","65.7","55.3","92.9","82.2","3","0.2","1","99.8","7.9","23.3","8","35.3","76","75.8","15.5","9.2","102.3","33.6","1","100","88.6","98.5","4","16.7","8","14.3","26700","0.3","1","0","68.7","37.8","37.6","47.9"
"NatConseil","Médias","Petite","353","97.4","63.2","78.2","41","98.5","62","61.1","631","89.1","66.6","62","85","1.5","63.3","29.1","37.1","17.8","81.3","70","55.9","91.9","88.5","90.7","92.4","81","8","0.6","5","99.2","4.8","57.8","18","94.1","97","97","19.8","16.3","106.3","30.7","0","0","16.9","8.6","2","8.3","3","85.7","151300","1.7","1","0","81.1","57.5","19.3","52.3"
"PrimeConsulting","Agroalimentaire","Petite","236","98.6","30.6","34.1","91","95.9","11.5","0","2124","58.2","23.4","3.9","58","1","85.7","79.7","45.5","38.9","83.6","75.1","15.5","10.3","56.3","40.8","95.4","88.5","11","0.9","8","98.8","2.9","78.9","4","11.8","44","43.4","45.7","59.5","26.9","88.4","0","0","75.2","81.7","1","4.2","6","42.9","92300","1","1","0","48.4","48.3","31.2","42.5"
"PurConseil","Automobile","Grande","4794","52","74.8","93.9","1211","39","84.1","87.9","182","98.4","85.4","87.3","658","13.1","58.3","17.8","68.6","97","94.2","98.9","48","76","50.9","32.4","88","69.9","114","9.6","65","89.9","8.2","20","6","23.5","28","27.3","19","15","141.4","5.2","0","0","32.4","28.1","2","8.3","6","42.9","927000","10.8","8","8.8","76.4","45.4","14.9","45.3"
"QuantumPartners","Finance","Moyenne","1589","84.8","69.4","86.6","367","81.9","89.2","94.1","926","83","93","97.6","123","2.3","91.3","92.3","39.9","24.9","59.4","20.9","59.4","99","78.7","75.5","64.2","10.3","28","2.3","3","99.5","4","66.7","13","64.7","80","79.8","68.1","96.8","35.4","82.2","0","0","20.6","13.3","7","29.2","5","57.1","31600","0.3","2","1.2","88","56.5","26.2","56.6"
"PrimeConseil","Transport","Moyenne","1846","82.2","37.2","43","169","92","58","56.3","223","97.5","92.7","97.2","392","7.7","69.1","42.2","35.4","13.6","87.1","83","55.1","90.3","56.8","41.6","76","39.8","86","7.2","35","94.5","8.8","13.3","8","35.3","33","32.3","36.8","44.7","97.2","37.3","1","100","45.2","44.1","15","62.5","3","85.7","455900","5.3","5","5","78","42","48.6","56.1"
"PrimeEurope","Textile","Grande","9097","8.1","61.3","75.6","788","60.5","69.2","69.9","4776","3.2","76.2","75","3279","66.2","53.9","7.9","46.7","42","73.4","52.2","42.6","65.1","72","65.1","88.9","72.2","371","31.5","391","39.1","9.2","8.9","10","47.1","30","29.3","40.1","50.2","41.2","78","1","100","61.5","64.5","5","20.8","6","42.9","878300","10.3","49","60","48.7","44.4","53.8","49"
"GreenTech","Technologie","Grande","8239","16.8","61.6","76","561","72.1","88.4","93.1","501","91.8","29.8","12.5","1887","38","86.7","81.9","61.6","79.4","66.8","37.4","25.7","30.9","72","65.1","71.2","27.8","199","16.8","206","67.9","8.7","14.4","7","29.4","23","22.2","24.8","24.7","53","69.4","1","100","40.5","38.2","12","50","3","85.7","3122100","36.6","16","18.8","60.4","41.2","57","52.9"
